文件名,鱼类名称,拉丁学名,英文名,科属,原产地,成年体长,适宜水温,适宜pH值,适宜硬度,光照要求,换水频率,食物习性,饲养难度,混养建议,繁殖方式,特殊要求,数据来源,提取状态,信息完整度,水质要求,活动水层,性格特点,疾病预防,寿命年限,最小鱼缸,类型
T字短鲷.jpg,T字短鲷,[待补充] T字短鲷,T字短鲷 (待翻译),慈鲷科,南美洲亚马逊流域,,24-28℃,5.5-7.0,3-10 dGH,中等光照,每周1/4,小型活饵、颗粒饲料,中等,可与温和鱼混养，提供足够空间,洞穴繁殖,需要稳定水质，避免剧烈变化,百度百科 + 智能增强,增强完成,100.00%,,中层,温和，有领地意识,保持水质稳定，定期检疫，避免过度喂食,2-4年,40升,
一点皇冠.jpg,一点皇冠,[待补充] 一点皇冠,一点皇冠 (待翻译),脂鲤科,南美洲,,22-26℃,5.5-7.5,5-12 dGH,中等偏暗,每周1/3,小型颗粒、薄片、丰年虾,容易,适合与温和鱼混养,散卵繁殖,,百度百科 + 智能增强,增强完成,100.00%,,中层,温和,保持水质稳定，定期检疫，避免过度喂食,3-5年,30升,
V字火箭.jpg,V字火箭,[待补充] V字火箭,V字火箭 (待翻译),脂鲤科,南美洲,,24-28℃,6.5-7.5,5-12 dGH,中等偏暗,每周1/3,小型颗粒、薄片、丰年虾,中等 ,适合与温和鱼混养,散卵繁殖,,百度搜索 + 智能增强,增强完成,100.00%,中性水质,中层,温和,保持水质稳定，定期检疫，避免过度喂食,3-5年,30升,热带鱼
一间皇后.jpg,一间皇后,[待补充] 一间皇后,一间皇后 (待翻译),脂鲤科,南美洲,,24-28℃,7.8-8.4,5-12 dGH,中等偏暗,每周1/3,小型颗粒、薄片、丰年虾,容易,适合与温和鱼混养,散卵繁殖,,百度搜索 + 智能增强,增强完成,100.00%,偏好弱碱性硬水,中层,温和,保持水质稳定，定期检疫，避免过度喂食,3-5年,30升,热带鱼
七彩皇冠.jpg,七彩皇冠,[待补充] 七彩皇冠,七彩皇冠 (待翻译),脂鲤科,南美洲,,24-30℃,6.0-7.5,5-12 dGH,中等偏暗,每周1/3,小型颗粒、薄片、丰年虾,容易,适合与温和鱼混养,散卵繁殖,需要稳定水质，避免剧烈变化,百度搜索 + 智能增强,增强完成,100.00%,中性水质,中层,温和,保持水质稳定，定期检疫，避免过度喂食,3-5年,30升,热带鱼
三棘狮子鱼.jpg,三棘狮子鱼,[待补充] 三棘狮子鱼,三棘狮子鱼 (待翻译),脂鲤科,南美洲,,22-26℃,5.5-7.5,5-12 dGH,中等偏暗,每周1/3,小型颗粒、薄片、丰年虾,容易,适合与温和鱼混养,散卵繁殖,,百度百科 + 智能增强,增强完成,100.00%,,中层,温和,保持水质稳定，定期检疫，避免过度喂食,3-5年,30升,
三线短鲷.jpg,三线短鲷,[待补充] 三线短鲷,三线短鲷 (待翻译),慈鲷科,南美洲亚马逊流域,,24-28℃,5.5-7.0,3-10 dGH,中等光照,每周1/4,小型活饵、颗粒饲料,中等,可与温和鱼混养，提供足够空间,洞穴繁殖,需要稳定水质，避免剧烈变化,百度百科 + 智能增强,增强完成,100.00%,,中层,温和，有领地意识,保持水质稳定，定期检疫，避免过度喂食,2-4年,40升,
三色神仙.jpg,三色神仙,[待补充] 三色神仙,三色神仙 (待翻译),慈鲷科,南美洲,,24-30℃,6.0-7.5,5-15 dGH,中等光照,每周1/3,杂食偏肉食,中等,可与温和鱼混养，提供足够空间,平板繁殖,,百度百科 + 智能增强,增强完成,100.00%,,中层,温和，有领地意识,保持水质稳定，定期检疫，避免过度喂食,5-10年,100升,
七间短鲷.jpg,七间短鲷,[待补充] 七间短鲷,七间短鲷 (待翻译),慈鲷科,南美洲亚马逊流域,,23-29℃,6.2-6.8,3-10 dGH,中等光照,每周1/4,小型活饵、颗粒饲料,中等,可与温和鱼混养，提供足够空间,洞穴繁殖,需要稳定水质，避免剧烈变化,百度搜索 + 智能增强,增强完成,100.00%,中性水质,中层,温和，有领地意识,保持水质稳定，定期检疫，避免过度喂食,2-4年,40升,热带鱼
三间鱼.jpg,三间鱼,[待补充] 三间鱼,三间鱼 (待翻译),脂鲤科,南美洲,,22-26℃,5.5-7.5,5-12 dGH,中等偏暗,每周1/3,小型颗粒、薄片、丰年虾,容易,适合与温和鱼混养,散卵繁殖,,百度百科 + 智能增强,增强完成,100.00%,,中层,温和,保持水质稳定，定期检疫，避免过度喂食,3-5年,30升,
三线短鲷（雌）.jpg,三线短鲷（雌）,[待补充] 三线短鲷（雌）,三线短鲷（雌） (待翻译),慈鲷科,南美洲亚马逊流域,,24-28℃,6.8-7.6,3-10 dGH,中等光照,每周1/4,小型活饵、颗粒饲料,中等,可与温和鱼混养，提供足够空间,洞穴繁殖,需要稳定水质，避免剧烈变化,百度搜索 + 智能增强,增强完成,100.00%,中性水质,中层,温和，有领地意识,保持水质稳定，定期检疫，避免过度喂食,2-4年,40升,
两点短鲷.jpg,两点短鲷,[待补充] 两点短鲷,两点短鲷 (待翻译),慈鲷科,南美洲亚马逊流域,,24-28℃,5.5-7.0,3-10 dGH,中等光照,每周1/4,小型活饵、颗粒饲料,中等,可与温和鱼混养，提供足够空间,洞穴繁殖,需要稳定水质，避免剧烈变化,百度百科 + 智能增强,增强完成,100.00%,,中层,温和，有领地意识,保持水质稳定，定期检疫，避免过度喂食,2-4年,40升,
三角鲷.jpg,三角鲷,[待补充] 三角鲷,三角鲷 (待翻译),慈鲷科,南美洲,,26-28℃,6.0-7.5,5-15 dGH,中等光照,每周1/3,杂食偏肉食,中等,适合与温和鱼混养,平板繁殖,,百度搜索 + 智能增强,增强完成,100.00%,,中层,温和,保持水质稳定，定期检疫，避免过度喂食,3-5年,100升,热带鱼
两线短鲷.jpg,两线短鲷,[待补充] 两线短鲷,两线短鲷 (待翻译),慈鲷科,南美洲亚马逊流域,,24-28℃,5.5-7.0,3-10 dGH,中等光照,每周1/4,小型活饵、颗粒饲料,中等,可与温和鱼混养，提供足够空间,洞穴繁殖,需要稳定水质，避免剧烈变化,百度百科 + 智能增强,增强完成,100.00%,,中层,温和，有领地意识,保持水质稳定，定期检疫，避免过度喂食,2-4年,40升,
丽丽鱼.jpg,丽丽鱼,[待补充] 丽丽鱼,丽丽鱼 (待翻译),脂鲤科,南美洲,,22-26℃,5.5-7.5,5-12 dGH,中等偏暗,每周1/3,小型颗粒、薄片、丰年虾,容易,适合与温和鱼混养,散卵繁殖,,百度百科 + 智能增强,增强完成,100.00%,,中层,温和,保持水质稳定，定期检疫，避免过度喂食,3-5年,30升,
两点短鲷（雌）.jpg,两点短鲷（雌）,[待补充] 两点短鲷（雌）,两点短鲷（雌） (待翻译),慈鲷科,南美洲亚马逊流域,,25-28℃,5.5-7.0,3-10 dGH,中等光照,每周1/4,小型活饵、颗粒饲料,中等,可与温和鱼混养，提供足够空间,洞穴繁殖,需要稳定水质，避免剧烈变化,百度搜索 + 智能增强,增强完成,100.00%,,中层,温和，有领地意识,保持水质稳定，定期检疫，避免过度喂食,2-4年,40升,热带鱼
云石神仙.jpg,云石神仙,[待补充] 云石神仙,云石神仙 (待翻译),慈鲷科,南美洲,,24-30℃,6.0-7.5,5-15 dGH,中等光照,每周1/3,杂食偏肉食,中等,可与温和鱼混养，提供足够空间,平板繁殖,,百度百科 + 智能增强,增强完成,100.00%,,中层,温和，有领地意识,保持水质稳定，定期检疫，避免过度喂食,5-10年,100升,
五彩琴尾鱼.jpg,五彩琴尾鱼,[待补充] 五彩琴尾鱼,五彩琴尾鱼 (待翻译),脂鲤科,南美洲,,22-26℃,5.5-7.5,5-12 dGH,中等偏暗,每周1/3,小型颗粒、薄片、丰年虾,容易,适合与温和鱼混养,散卵繁殖,,百度百科 + 智能增强,增强完成,100.00%,,中层,温和,保持水质稳定，定期检疫，避免过度喂食,3-5年,30升,
九间波萝.jpg,九间波萝,[待补充] 九间波萝,九间波萝 (待翻译),脂鲤科,南美洲,,24-28℃,7.0-8.0,5-12 dGH,中等偏暗,每周1/3,吃动物性活饵料,较难,适合与温和鱼混养,散卵繁殖,,百度搜索 + 智能增强,增强完成,100.00%,中性水质,中层,温和,保持水质稳定，定期检疫，避免过度喂食,3-5年,30升,热带鱼
九间鲨.jpg,九间鲨,[待补充] 九间鲨,九间鲨 (待翻译),脂鲤科,南美洲,,23-27℃,8.1-8.4,5-12 dGH,中等偏暗,每周1/3,小型颗粒、薄片、丰年虾,较易 ,适合与温和鱼混养,散卵繁殖,,百度搜索 + 智能增强,增强完成,100.00%,偏好弱碱性硬水,中层,温和,保持水质稳定，定期检疫，避免过度喂食,3-5年,30升,热带鱼
五点铅笔.jpg,五点铅笔,[待补充] 五点铅笔,五点铅笔 (待翻译),脂鲤科,南美洲,,22-26℃,5.5-7.5,5-12 dGH,中等偏暗,每周1/3,小型颗粒、薄片、丰年虾,容易,适合与温和鱼混养,散卵繁殖,,百度百科 + 智能增强,增强完成,100.00%,,中层,温和,保持水质稳定，定期检疫，避免过度喂食,3-5年,30升,
五间鱼.jpg,五间鱼,[待补充] 五间鱼,五间鱼 (待翻译),脂鲤科,南美洲,,22-26℃,5.5-7.5,5-12 dGH,中等偏暗,每周1/3,小型颗粒、薄片、丰年虾,容易,适合与温和鱼混养,散卵繁殖,,百度百科 + 智能增强,增强完成,100.00%,,中层,温和,保持水质稳定，定期检疫，避免过度喂食,3-5年,30升,
仙女鲶.jpg,仙女鲶,[待补充] 仙女鲶,仙女鲶 (待翻译),脂鲤科,南美洲,,22-26℃,5.5-7.5,5-12 dGH,中等偏暗,每周1/3,小型颗粒、薄片、丰年虾,容易,适合与温和鱼混养,散卵繁殖,,百度百科 + 智能增强,增强完成,100.00%,,底层,温和,保持水质稳定，定期检疫，避免过度喂食,3-5年,30升,
倒吊九间.jpg,倒吊九间,[待补充] 倒吊九间,倒吊九间 (待翻译),脂鲤科,南美洲,,22-26℃,5.5-7.5,5-12 dGH,中等偏暗,每周1/3,小型颗粒、薄片、丰年虾,容易,适合与温和鱼混养,散卵繁殖,,百度百科 + 智能增强,增强完成,100.00%,,中层,温和,保持水质稳定，定期检疫，避免过度喂食,3-5年,30升,
倒游鲶.jpg,倒游鲶,[待补充] 倒游鲶,倒游鲶 (待翻译),脂鲤科,南美洲,,22-26℃,5.5-7.5,5-12 dGH,中等偏暗,每周1/3,小型颗粒、薄片、丰年虾,容易,适合与温和鱼混养,散卵繁殖,,百度百科 + 智能增强,增强完成,100.00%,,底层,温和,保持水质稳定，定期检疫，避免过度喂食,3-5年,30升,
假美国九间.jpg,假美国九间,[待补充] 假美国九间,假美国九间 (待翻译),脂鲤科,南美洲,,22-26℃,5.5-7.5,5-12 dGH,中等偏暗,每周1/3,小型颗粒、薄片、丰年虾,容易,适合与温和鱼混养,散卵繁殖,,百度百科 + 智能增强,增强完成,100.00%,,中层,温和,保持水质稳定，定期检疫，避免过度喂食,3-5年,30升,
公主灯.jpg,公主灯,[待补充] 公主灯,公主灯 (待翻译),脂鲤科,南美洲,,20-25℃,5.5-7.5,5-12 dGH,中等偏暗,每周1/3,人工饲料、活性饵料 ,容易,适合群养，可与温和鱼混养,散卵繁殖,,百度搜索 + 智能增强,增强完成,100.00%,偏好弱碱性硬水,中层,温和，群居,保持水质稳定，定期检疫，避免过度喂食,3-5年,30升,热带鱼
六间短鲷.jpg,六间短鲷,[待补充] 六间短鲷,六间短鲷 (待翻译),慈鲷科,南美洲亚马逊流域,,26-28℃,4-7.5,3-10 dGH,中等光照,每周1/4,小型活饵、颗粒饲料,中等,可与温和鱼混养，提供足够空间,洞穴繁殖,需要稳定水质，避免剧烈变化,百度搜索 + 智能增强,增强完成,100.00%,偏好弱酸性软水,中层,温和，有领地意识,保持水质稳定，定期检疫，避免过度喂食,2-4年,40升,热带鱼
凤尾短鲷（红尾型）.jpg,凤尾短鲷（红尾型）,[待补充] 凤尾短鲷（红尾型）,凤尾短鲷（红尾型） (待翻译),慈鲷科,南美洲亚马逊流域,,24-28℃,6.5-7.5,3-10 dGH,中等光照,每周1/4,小型活饵、颗粒饲料,中等,可与温和鱼混养，提供足够空间,洞穴繁殖,需要稳定水质，避免剧烈变化,百度搜索 + 智能增强,增强完成,100.00%,中性水质,中层,温和，有领地意识,保持水质稳定，定期检疫，避免过度喂食,2-4年,40升,热带鱼
刚果扯旗鱼.jpg,刚果扯旗鱼,[待补充] 刚果扯旗鱼,刚果扯旗鱼 (待翻译),脂鲤科,南美洲,,22-26℃,5.5-7.5,5-12 dGH,中等偏暗,每周1/3,小型颗粒、薄片、丰年虾,容易,适合与温和鱼混养,散卵繁殖,,百度百科 + 智能增强,增强完成,100.00%,,中层,温和,保持水质稳定，定期检疫，避免过度喂食,3-5年,30升,
南美牙鱼.jpg,南美牙鱼,[待补充] 南美牙鱼,南美牙鱼 (待翻译),脂鲤科,南美洲,,22-26℃,5.5-7.5,5-12 dGH,中等偏暗,每周1/3,小型颗粒、薄片、丰年虾,容易,适合与温和鱼混养,散卵繁殖,,百度百科 + 智能增强,增强完成,100.00%,,中层,温和,保持水质稳定，定期检疫，避免过度喂食,3-5年,30升,
印第安短鲷.jpg,印第安短鲷,[待补充] 印第安短鲷,印第安短鲷 (待翻译),慈鲷科,南美洲亚马逊流域,,24-28℃,5.5-7.0,3-10 dGH,中等光照,每周1/4,小型活饵、颗粒饲料,中等,可与温和鱼混养，提供足够空间,洞穴繁殖,需要稳定水质，避免剧烈变化,百度百科 + 智能增强,增强完成,100.00%,,中层,温和，有领地意识,保持水质稳定，定期检疫，避免过度喂食,2-4年,40升,
凯特短鲷.jpg,凯特短鲷,[待补充] 凯特短鲷,凯特短鲷 (待翻译),慈鲷科,南美洲亚马逊流域,,24-26℃,5.5-7.0,3-10 dGH,中等光照,每周1/4,小型活饵、颗粒饲料,中等,可与温和鱼混养，提供足够空间,洞穴繁殖,需要稳定水质，避免剧烈变化,百度搜索 + 智能增强,增强完成,100.00%,,中层,温和，有领地意识,保持水质稳定，定期检疫，避免过度喂食,2-4年,40升,热带鱼
双带短鲷.jpg,双带短鲷,[待补充] 双带短鲷,双带短鲷 (待翻译),慈鲷科,南美洲亚马逊流域,,24-28℃,5.5-7.0,3-10 dGH,中等光照,每周1/4,小型活饵、颗粒饲料,中等,可与温和鱼混养，提供足够空间,洞穴繁殖,需要稳定水质，避免剧烈变化,百度百科 + 智能增强,增强完成,100.00%,,中层,温和，有领地意识,保持水质稳定，定期检疫，避免过度喂食,2-4年,40升,
印尼斗鱼.jpg,印尼斗鱼,[待补充] 印尼斗鱼,印尼斗鱼 (待翻译),丝足鲈科,东南亚,,20-28℃,6.8-7.,5-15 dGH,中等光照,每周1/3,肉食性，专用饲料,容易,建议单养或与大型凶猛鱼混养,泡巢繁殖,雄鱼需要单独饲养,百度搜索 + 智能增强,增强完成,100.00%,中性水质,中层,凶猛，有攻击性,保持水质稳定，定期检疫，避免过度喂食,2-3年,20升,热带鱼
变色鱼.jpg,变色鱼,[待补充] 变色鱼,变色鱼 (待翻译),脂鲤科,南美洲,,22-26℃,5.5-7.5,5-12 dGH,中等偏暗,每周1/3,小型颗粒、薄片、丰年虾,容易,适合与温和鱼混养,散卵繁殖,,百度百科 + 智能增强,增强完成,100.00%,,中层,温和,保持水质稳定，定期检疫，避免过度喂食,3-5年,30升,
古战舰.jpg,古战舰,[待补充] 古战舰,古战舰 (待翻译),脂鲤科,南美洲,,22-26℃,5.5-7.5,5-12 dGH,中等偏暗,每周1/3,小型颗粒、薄片、丰年虾,容易,适合与温和鱼混养,散卵繁殖,,百度百科 + 智能增强,增强完成,100.00%,,中层,温和,保持水质稳定，定期检疫，避免过度喂食,3-5年,30升,
印第安鱼.jpg,印第安鱼,[待补充] 印第安鱼,印第安鱼 (待翻译),脂鲤科,南美洲,,22-28℃,6.0-8.0,5-12 dGH,中等偏暗,每周1/3,小型颗粒、薄片、丰年虾,容易,适合与温和鱼混养,散卵繁殖,,百度搜索 + 智能增强,增强完成,100.00%,中性水质,中层,温和,保持水质稳定，定期检疫，避免过度喂食,3-5年,30升,热带鱼
叶形鱼.jpg,叶形鱼,[待补充] 叶形鱼,叶形鱼 (待翻译),脂鲤科,南美洲,,22-26℃,5.5-7.5,5-12 dGH,中等偏暗,每周1/3,小型颗粒、薄片、丰年虾,容易,适合与温和鱼混养,散卵繁殖,,百度百科 + 智能增强,增强完成,100.00%,,中层,温和,保持水质稳定，定期检疫，避免过度喂食,3-5年,30升,
吻嘴鱼.jpg,吻嘴鱼,[待补充] 吻嘴鱼,吻嘴鱼 (待翻译),脂鲤科,南美洲,,22-26℃,5.5-7.5,5-12 dGH,中等偏暗,每周1/3,小型颗粒、薄片、丰年虾,容易,适合与温和鱼混养,散卵繁殖,,百度百科 + 智能增强,增强完成,100.00%,,中层,温和,保持水质稳定，定期检疫，避免过度喂食,3-5年,30升,
咖啡燕子.jpg,咖啡燕子,[待补充] 咖啡燕子,咖啡燕子 (待翻译),脂鲤科,南美洲,,22-26℃,5.5-7.5,5-12 dGH,中等偏暗,每周1/3,小型颗粒、薄片、丰年虾,容易,适合与温和鱼混养,散卵繁殖,,百度百科 + 智能增强,增强完成,100.00%,,上层,温和,保持水质稳定，定期检疫，避免过度喂食,3-5年,30升,
喷点珍珠虎.jpg,喷点珍珠虎,[待补充] 喷点珍珠虎,喷点珍珠虎 (待翻译),脂鲤科,南美洲,,22-26℃,5.5-7.5,5-12 dGH,中等偏暗,每周1/3,小型颗粒、薄片、丰年虾,容易,建议单养或与大型凶猛鱼混养,散卵繁殖,,百度百科 + 智能增强,增强完成,100.00%,,中层,凶猛，有攻击性,保持水质稳定，定期检疫，避免过度喂食,3-5年,30升,
国王短鲷.jpg,国王短鲷,[待补充] 国王短鲷,国王短鲷 (待翻译),慈鲷科,南美洲亚马逊流域,,24-28℃,5.5-7.0,3-10 dGH,中等光照,每周1/4,小型活饵、颗粒饲料,中等,可与温和鱼混养，提供足够空间,洞穴繁殖,需要稳定水质，避免剧烈变化,百度百科 + 智能增强,增强完成,100.00%,,中层,温和，有领地意识,保持水质稳定，定期检疫，避免过度喂食,2-4年,40升,
地图鱼.jpg,地图鱼,[待补充] 地图鱼,地图鱼 (待翻译),脂鲤科,南美洲,,22-26℃,5.5-7.5,5-12 dGH,中等偏暗,每周1/3,小型颗粒、薄片、丰年虾,容易,适合与温和鱼混养,散卵繁殖,,百度百科 + 智能增强,增强完成,100.00%,,中层,温和,保持水质稳定，定期检疫，避免过度喂食,3-5年,30升,
埃及神仙鱼.jpg,埃及神仙鱼,[待补充] 埃及神仙鱼,埃及神仙鱼 (待翻译),慈鲷科,南美洲,,24-30℃,6.0-7.5,5-15 dGH,中等光照,每周1/3,杂食偏肉食,中等,可与温和鱼混养，提供足够空间,平板繁殖,需要稳定水质，避免剧烈变化,百度百科 + 智能增强,增强完成,100.00%,,中层,温和，有领地意识,保持水质稳定，定期检疫，避免过度喂食,5-10年,100升,
喷点棋盘短鲷.jpg,喷点棋盘短鲷,[待补充] 喷点棋盘短鲷,喷点棋盘短鲷 (待翻译),慈鲷科,南美洲亚马逊流域,,24-26℃,4-7.5,3-10 dGH,中等光照,每周1/4,小型活饵、颗粒饲料,中等,可与温和鱼混养，提供足够空间,洞穴繁殖,需要稳定水质，避免剧烈变化,百度搜索 + 智能增强,增强完成,100.00%,偏好弱酸性软水,中层,温和，有领地意识,保持水质稳定，定期检疫，避免过度喂食,2-4年,40升,热带鱼
大点鲫.jpg,大点鲫,[待补充] 大点鲫,大点鲫 (待翻译),鲤科,中国,,18-24℃,7.0-7.5,8-12 dGH,中等光照,每周1/3-1/2,杂食性，专用金鱼饲料,容易,适合与温和鱼混养,卵生,,百度百科 + 智能增强,增强完成,100.00%,,中层,温和,保持水质稳定，定期检疫，避免过度喂食,3-5年,50升,
国王豹鼠.jpg,国王豹鼠,[待补充] 国王豹鼠,国王豹鼠 (待翻译),甲鲶科,南美洲,,22-26℃,6.5-7.5,5-15 dGH,中等光照,每周1/4,底栖杂食，沉底饲料,容易,建议单养或与大型凶猛鱼混养,卵生,,百度搜索 + 智能增强,增强完成,100.00%,,底层,凶猛，有攻击性,保持水质稳定，定期检疫，避免过度喂食,3-5年,40升,热带鱼
天使.jpg,天使,[待补充] 天使,天使 (待翻译),脂鲤科,南美洲,,22-26℃,5.5-7.5,5-12 dGH,中等偏暗,每周1/3,小型颗粒、薄片、丰年虾,容易,适合与温和鱼混养,散卵繁殖,,百度百科 + 智能增强,增强完成,100.00%,,中层,温和,保持水质稳定，定期检疫，避免过度喂食,3-5年,30升,
太空飞鼠.jpg,太空飞鼠,[待补充] 太空飞鼠,太空飞鼠 (待翻译),甲鲶科,南美洲,,22-26℃,6.5-7.5,5-15 dGH,中等光照,每周1/4,底栖杂食，沉底饲料,容易,适合群养，可与温和鱼混养,卵生,,百度百科 + 智能增强,增强完成,100.00%,,底层,温和，群居,保持水质稳定，定期检疫，避免过度喂食,3-5年,40升,
大暴牙.jpg,大暴牙,[待补充] 大暴牙,大暴牙 (待翻译),脂鲤科,南美洲,,24-26℃,7-8.5,5-12 dGH,中等偏暗,每周1/3,小型颗粒、薄片、丰年虾,容易,适合与温和鱼混养,散卵繁殖,,百度搜索 + 智能增强,增强完成,100.00%,偏好弱碱性硬水,中层,温和,保持水质稳定，定期检疫，避免过度喂食,3-5年,30升,热带鱼
大银斧燕子.jpg,大银斧燕子,[待补充] 大银斧燕子,大银斧燕子 (待翻译),脂鲤科,南美洲,,24-28℃,6.5-7.5,5-12 dGH,中等偏暗,每周1/3,小型颗粒、薄片、丰年虾,容易,适合与温和鱼混养,散卵繁殖,,百度搜索 + 智能增强,增强完成,100.00%,中性水质,上层,温和,保持水质稳定，定期检疫，避免过度喂食,3-5年,30升,热带鱼
女王短鲷.jpg,女王短鲷,[待补充] 女王短鲷,女王短鲷 (待翻译),慈鲷科,南美洲亚马逊流域,,24-28℃,5.5-7.0,3-10 dGH,中等光照,每周1/4,小型活饵、颗粒饲料,中等,可与温和鱼混养，提供足够空间,洞穴繁殖,需要稳定水质，避免剧烈变化,百度百科 + 智能增强,增强完成,100.00%,,中层,温和，有领地意识,保持水质稳定，定期检疫，避免过度喂食,2-4年,40升,
头尾灯.jpg,头尾灯,[待补充] 头尾灯,头尾灯 (待翻译),脂鲤科,南美洲,,22-26℃,5.5-7.5,5-12 dGH,中等偏暗,每周1/3,小型颗粒、薄片、丰年虾,容易,适合群养，可与温和鱼混养,散卵繁殖,,百度百科 + 智能增强,增强完成,100.00%,,中层,温和，群居,保持水质稳定，定期检疫，避免过度喂食,3-5年,30升,
宝莲灯.jpg,宝莲灯,[待补充] 宝莲灯,宝莲灯 (待翻译),脂鲤科,南美洲,,22-26℃,5.5-7.5,5-12 dGH,中等偏暗,每周1/3,小型颗粒、薄片、丰年虾,容易,适合群养，可与温和鱼混养,散卵繁殖,,百度百科 + 智能增强,增强完成,100.00%,,中层,温和，群居,保持水质稳定，定期检疫，避免过度喂食,3-5年,30升,
孔雀鱼.jpg,孔雀鱼,[待补充] 孔雀鱼,孔雀鱼 (待翻译),脂鲤科,南美洲,,22-26℃,5.5-7.5,5-12 dGH,中等偏暗,每周1/3,小型颗粒、薄片、丰年虾,容易,适合群养，可与温和鱼混养,散卵繁殖,,百度百科 + 智能增强,增强完成,100.00%,,中层,温和，群居,保持水质稳定，定期检疫，避免过度喂食,3-5年,30升,
安氏栉盖鱼.jpg,安氏栉盖鱼,[待补充] 安氏栉盖鱼,安氏栉盖鱼 (待翻译),脂鲤科,南美洲,,22-28℃,7.2-8.0,5-12 dGH,中等偏暗,每周1/3,小型颗粒、薄片、丰年虾,容易,适合与温和鱼混养,散卵繁殖,,百度搜索 + 智能增强,增强完成,100.00%,偏好弱碱性硬水,中层,温和,保持水质稳定，定期检疫，避免过度喂食,3-5年,30升,热带鱼
射水鱼.jpg,射水鱼,[待补充] 射水鱼,射水鱼 (待翻译),脂鲤科,南美洲,,22-26℃,5.5-7.5,5-12 dGH,中等偏暗,每周1/3,小型颗粒、薄片、丰年虾,容易,适合与温和鱼混养,散卵繁殖,,百度百科 + 智能增强,增强完成,100.00%,,中层,温和,保持水质稳定，定期检疫，避免过度喂食,3-5年,30升,
宽背大企鹅.jpg,宽背大企鹅,[待补充] 宽背大企鹅,宽背大企鹅 (待翻译),脂鲤科,南美洲,,26-30℃,7-8.5,5-12 dGH,中等偏暗,每周1/3,小型颗粒、薄片、丰年虾,容易,适合与温和鱼混养,散卵繁殖,,百度搜索 + 智能增强,增强完成,100.00%,偏好弱碱性硬水,中层,温和,保持水质稳定，定期检疫，避免过度喂食,3-5年,30升,热带鱼
宝贝鼠.jpg,宝贝鼠,[待补充] 宝贝鼠,宝贝鼠 (待翻译),甲鲶科,南美洲,,24-26℃,6.0-7.5,2-12 dGH,中等偏暗,每周1/3,饵料以小型活食为主,容易,适合群养，可与温和鱼混养,卵生,,百度搜索 + 智能增强,增强完成,100.00%,偏好弱碱性硬水,底层,温和，群居,保持水质稳定，定期检疫，避免过度喂食,3-5年,40升,热带鱼
小丑短鲷.jpg,小丑短鲷,[待补充] 小丑短鲷,小丑短鲷 (待翻译),慈鲷科,南美洲亚马逊流域,,24-28℃,5.5-7.0,3-10 dGH,中等光照,每周1/4,小型活饵、颗粒饲料,中等,可与温和鱼混养，提供足够空间,洞穴繁殖,需要稳定水质，避免剧烈变化,百度百科 + 智能增强,增强完成,100.00%,,中层,温和，有领地意识,保持水质稳定，定期检疫，避免过度喂食,2-4年,40升,
小精灵.jpg,小精灵,[待补充] 小精灵,小精灵 (待翻译),脂鲤科,南美洲,,22-26℃,5.5-7.5,5-12 dGH,中等偏暗,每周1/3,小型颗粒、薄片、丰年虾,容易,适合与温和鱼混养,散卵繁殖,,百度百科 + 智能增强,增强完成,100.00%,,中层,温和,保持水质稳定，定期检疫，避免过度喂食,3-5年,30升,
彩虹鲨.jpg,彩虹鲨,[待补充] 彩虹鲨,彩虹鲨 (待翻译),脂鲤科,南美洲,,22-26℃,5.5-7.5,5-12 dGH,中等偏暗,每周1/3,小型颗粒、薄片、丰年虾,容易,适合与温和鱼混养,散卵繁殖,,百度百科 + 智能增强,增强完成,100.00%,,中层,温和,保持水质稳定，定期检疫，避免过度喂食,3-5年,30升,
彩面短鲷.jpg,彩面短鲷,[待补充] 彩面短鲷,彩面短鲷 (待翻译),慈鲷科,南美洲亚马逊流域,,24-28℃,5.5-7.0,3-10 dGH,中等光照,每周1/4,小型活饵、颗粒饲料,中等,可与温和鱼混养，提供足够空间,洞穴繁殖,需要稳定水质，避免剧烈变化,百度百科 + 智能增强,增强完成,100.00%,,中层,温和，有领地意识,保持水质稳定，定期检疫，避免过度喂食,2-4年,40升,
彩鳍短鲷.jpg,彩鳍短鲷,[待补充] 彩鳍短鲷,彩鳍短鲷 (待翻译),慈鲷科,南美洲亚马逊流域,,24-28℃,5.5-7.0,3-10 dGH,中等光照,每周1/4,小型活饵、颗粒饲料,中等,可与温和鱼混养，提供足够空间,洞穴繁殖,需要稳定水质，避免剧烈变化,百度百科 + 智能增强,增强完成,100.00%,,中层,温和，有领地意识,保持水质稳定，定期检疫，避免过度喂食,2-4年,40升,
德州豹.jpg,德州豹,[待补充] 德州豹,德州豹 (待翻译),脂鲤科,南美洲,,22-26℃,5.5-7.5,5-12 dGH,中等偏暗,每周1/3,小型颗粒、薄片、丰年虾,容易,建议单养或与大型凶猛鱼混养,散卵繁殖,,百度百科 + 智能增强,增强完成,100.00%,,中层,凶猛，有攻击性,保持水质稳定，定期检疫，避免过度喂食,3-5年,30升,
扁嘴.jpg,扁嘴,[待补充] 扁嘴,扁嘴 (待翻译),脂鲤科,南美洲,,22-26℃,5.5-7.5,5-12 dGH,中等偏暗,每周1/3,小型颗粒、薄片、丰年虾,容易,适合与温和鱼混养,散卵繁殖,,百度百科 + 智能增强,增强完成,100.00%,,中层,温和,保持水质稳定，定期检疫，避免过度喂食,3-5年,30升,
弓箭鼠.jpg,弓箭鼠,[待补充] 弓箭鼠,弓箭鼠 (待翻译),甲鲶科,南美洲,,22-26℃,6.5-7.5,5-15 dGH,中等光照,每周1/4,底栖杂食，沉底饲料,较易 ...,适合群养，可与温和鱼混养,卵生,,百度搜索 + 智能增强,增强完成,100.00%,,底层,温和，群居,保持水质稳定，定期检疫，避免过度喂食,3-5年,40升,热带鱼
斑点短鲷.jpg,斑点短鲷,[待补充] 斑点短鲷,斑点短鲷 (待翻译),慈鲷科,南美洲亚马逊流域,,24-28℃,5.5-7.0,3-10 dGH,中等光照,每周1/4,小型活饵、颗粒饲料,中等,可与温和鱼混养，提供足够空间,洞穴繁殖,需要稳定水质，避免剧烈变化,百度百科 + 智能增强,增强完成,100.00%,,中层,温和，有领地意识,保持水质稳定，定期检疫，避免过度喂食,2-4年,40升,
斑马鱼.jpg,斑马鱼,[待补充] 斑马鱼,斑马鱼 (待翻译),鲤科,中国,,18-24℃,7.0-7.5,8-12 dGH,中等光照,每周1/3-1/2,杂食性，专用金鱼饲料,容易,适合与温和鱼混养,卵生,,百度百科 + 智能增强,增强完成,100.00%,,中层,温和,保持水质稳定，定期检疫，避免过度喂食,3-5年,50升,
新大钩扯旗.jpg,新大钩扯旗,[待补充] 新大钩扯旗,新大钩扯旗 (待翻译),脂鲤科,南美洲,,22-26℃,5.5-7.5,5-12 dGH,中等偏暗,每周1/3,小型颗粒、薄片、丰年虾,容易,适合与温和鱼混养,散卵繁殖,,百度百科 + 智能增强,增强完成,100.00%,,中层,温和,保持水质稳定，定期检疫，避免过度喂食,3-5年,30升,
林开短鲷.jpg,林开短鲷,[待补充] 林开短鲷,林开短鲷 (待翻译),慈鲷科,南美洲亚马逊流域,,24-28℃,5.5-7.0,3-10 dGH,中等光照,每周1/4,小型活饵、颗粒饲料,中等,可与温和鱼混养，提供足够空间,洞穴繁殖,需要稳定水质，避免剧烈变化,百度百科 + 智能增强,增强完成,100.00%,,中层,温和，有领地意识,保持水质稳定，定期检疫，避免过度喂食,2-4年,40升,
枯木牙鱼.jpg,枯木牙鱼,[待补充] 枯木牙鱼,枯木牙鱼 (待翻译),脂鲤科,南美洲,,22-26℃,5.5-7.5,5-12 dGH,中等偏暗,每周1/3,小型颗粒、薄片、丰年虾,容易,适合与温和鱼混养,散卵繁殖,,百度百科 + 智能增强,增强完成,100.00%,,中层,温和,保持水质稳定，定期检疫，避免过度喂食,3-5年,30升,
斑节恐龙.jpg,斑节恐龙,[待补充] 斑节恐龙,斑节恐龙 (待翻译),脂鲤科,南美洲,,22-26℃,6.8-7.2,5-12 dGH,中等偏暗,每周1/3,小型颗粒、薄片、丰年虾,容易,适合与温和鱼混养,散卵繁殖,,百度搜索 + 智能增强,增强完成,100.00%,中性水质,中层,温和,保持水质稳定，定期检疫，避免过度喂食,3-5年,30升,热带鱼
棋盘凤凰.jpg,棋盘凤凰,[待补充] 棋盘凤凰,棋盘凤凰 (待翻译),慈鲷科,南美洲,,24-30℃,6.0-7.5,5-15 dGH,中等光照,每周1/3,杂食偏肉食,中等,可与温和鱼混养，提供足够空间,平板繁殖,,百度百科 + 智能增强,增强完成,100.00%,,中层,温和，有领地意识,保持水质稳定，定期检疫，避免过度喂食,3-5年,100升,
棋盘鲫.jpg,棋盘鲫,[待补充] 棋盘鲫,棋盘鲫 (待翻译),慈鲷科,南美洲,,24-30℃,6.0-7.5,5-15 dGH,中等光照,每周1/3,杂食偏肉食,中等,适合与温和鱼混养,平板繁殖,,百度百科 + 智能增强,增强完成,100.00%,,中层,温和,保持水质稳定，定期检疫，避免过度喂食,3-5年,100升,
梦幻灯.jpg,梦幻灯,[待补充] 梦幻灯,梦幻灯 (待翻译),脂鲤科,南美洲,,26-28℃,5.5-6.5,5-12 dGH,中等偏暗,每周1/3,小型颗粒、薄片、丰年虾,容易,适合群养，可与温和鱼混养,散卵繁殖,,百度搜索 + 智能增强,增强完成,100.00%,偏好弱酸性软水,中层,温和，群居,保持水质稳定，定期检疫，避免过度喂食,3-5年,30升,热带鱼
梳尾鱼.jpg,梳尾鱼,[待补充] 梳尾鱼,梳尾鱼 (待翻译),脂鲤科,南美洲,,24-28℃,7.5-8.5,5-12 dGH,中等偏暗,每周1/3,小型颗粒、薄片、丰年虾,容易,适合与温和鱼混养,散卵繁殖,,百度搜索 + 智能增强,增强完成,100.00%,偏好弱碱性硬水,中层,温和,保持水质稳定，定期检疫，避免过度喂食,3-5年,30升,热带鱼
棘甲鲶.jpg,棘甲鲶,[待补充] 棘甲鲶,棘甲鲶 (待翻译),脂鲤科,南美洲,,22-26℃,5.5-7.5,5-12 dGH,中等偏暗,每周1/3,小型颗粒、薄片、丰年虾,容易,适合与温和鱼混养,散卵繁殖,,百度百科 + 智能增强,增强完成,100.00%,,底层,温和,保持水质稳定，定期检疫，避免过度喂食,3-5年,30升,
棘鰍.jpg,棘鰍,[待补充] 棘鰍,棘鰍 (待翻译),脂鲤科,南美洲,,22-26℃,5.5-7.5,5-12 dGH,中等偏暗,每周1/3,小型颗粒、薄片、丰年虾,容易,适合与温和鱼混养,散卵繁殖,,百度百科 + 智能增强,增强完成,100.00%,,中层,温和,保持水质稳定，定期检疫，避免过度喂食,3-5年,30升,
横纹鲷.jpg,横纹鲷,[待补充] 横纹鲷,横纹鲷 (待翻译),慈鲷科,南美洲,,24-30℃,6.5-8.0,5-15 dGH,中等光照,每周1/3,杂食偏肉食,中等,适合与温和鱼混养,平板繁殖,,百度搜索 + 智能增强,增强完成,100.00%,中性水质,中层,温和,保持水质稳定，定期检疫，避免过度喂食,3-5年,100升,
橘带九间.jpg,橘带九间,[待补充] 橘带九间,橘带九间 (待翻译),脂鲤科,南美洲,,22-28℃,7.0-8.5,5-12 dGH,中等偏暗,每周1/3,小型颗粒、薄片、丰年虾,较易 ,适合与温和鱼混养,散卵繁殖,,百度搜索 + 智能增强,增强完成,100.00%,偏好弱碱性硬水,中层,温和,保持水质稳定，定期检疫，避免过度喂食,3-5年,30升,热带鱼
欧式攀鲈.jpg,欧式攀鲈,[待补充] 欧式攀鲈,欧式攀鲈 (待翻译),脂鲤科,南美洲,,23-28℃,7.0-8.5,5-12 dGH,中等偏暗,每周1/3,小型颗粒、薄片、丰年虾,容易,适合与温和鱼混养,散卵繁殖,,百度搜索 + 智能增强,增强完成,100.00%,偏好弱碱性硬水,中层,温和,保持水质稳定，定期检疫，避免过度喂食,3-5年,30升,热带鱼
泰国斗鱼.jpg,泰国斗鱼,[待补充] 泰国斗鱼,泰国斗鱼 (待翻译),丝足鲈科,东南亚,,24-30℃,6.5-7.5,5-15 dGH,中等光照,每周1/3,肉食性，专用饲料,容易,建议单养或与大型凶猛鱼混养,泡巢繁殖,雄鱼需要单独饲养,百度百科 + 智能增强,增强完成,100.00%,,中层,凶猛，有攻击性,保持水质稳定，定期检疫，避免过度喂食,2-3年,20升,
泰国虎.jpg,泰国虎,[待补充] 泰国虎,泰国虎 (待翻译),脂鲤科,东南亚,,22-26℃,5.5-7.5,5-12 dGH,中等偏暗,每周1/3,小型颗粒、薄片、丰年虾,容易,建议单养或与大型凶猛鱼混养,散卵繁殖,,百度百科 + 智能增强,增强完成,100.00%,,中层,凶猛，有攻击性,保持水质稳定，定期检疫，避免过度喂食,3-5年,30升,
清苔鼠.jpg,清苔鼠,[待补充] 清苔鼠,清苔鼠 (待翻译),甲鲶科,南美洲,,22-26℃,6.5-7.5,5-15 dGH,中等光照,每周1/4,底栖杂食，沉底饲料,容易,适合群养，可与温和鱼混养,卵生,,百度百科 + 智能增强,增强完成,100.00%,,底层,温和，群居,保持水质稳定，定期检疫，避免过度喂食,3-5年,40升,
溅水鱼.jpg,溅水鱼,[待补充] 溅水鱼,溅水鱼 (待翻译),脂鲤科,南美洲,,22-26℃,5.5-7.5,5-12 dGH,中等偏暗,每周1/3,小型颗粒、薄片、丰年虾,容易,适合与温和鱼混养,散卵繁殖,,百度百科 + 智能增强,增强完成,100.00%,,中层,温和,保持水质稳定，定期检疫，避免过度喂食,3-5年,30升,
澳洲星点龙.jpg,澳洲星点龙,[待补充] 澳洲星点龙,澳洲星点龙 (待翻译),骨舌鱼科,大洋洲,,24-30℃,6.5-7.5,5-12 dGH,中等光照,每周1/4,肉食性，小鱼小虾,困难,适合与温和鱼混养,口孵,,百度百科 + 智能增强,增强完成,100.00%,,中层,温和,保持水质稳定，定期检疫，避免过度喂食,3-5年,300升,
澳洲肺鱼.jpg,澳洲肺鱼,[待补充] 澳洲肺鱼,澳洲肺鱼 (待翻译),脂鲤科,大洋洲,,22-26℃,5.5-7.5,5-12 dGH,中等偏暗,每周1/3,小型颗粒、薄片、丰年虾,容易,适合与温和鱼混养,散卵繁殖,,百度百科 + 智能增强,增强完成,100.00%,,中层,温和,保持水质稳定，定期检疫，避免过度喂食,3-5年,30升,
火口.jpg,火口,[待补充] 火口,火口 (待翻译),慈鲷科,南美洲,,24-30℃,6.0-7.5,5-15 dGH,中等光照,每周1/3,杂食偏肉食,中等,建议单养或与大型凶猛鱼混养,平板繁殖,,百度百科 + 智能增强,增强完成,100.00%,,中层,凶猛，有攻击性,保持水质稳定，定期检疫，避免过度喂食,3-5年,100升,
火狐狸.jpg,火狐狸,[待补充] 火狐狸,火狐狸 (待翻译),脂鲤科,南美洲,,22-26℃,5.5-7.5,5-12 dGH,中等偏暗,每周1/3,小型颗粒、薄片、丰年虾,容易,适合与温和鱼混养,散卵繁殖,,百度百科 + 智能增强,增强完成,100.00%,,中层,温和,保持水质稳定，定期检疫，避免过度喂食,3-5年,30升,
火鹤鱼.jpg,火鹤鱼,[待补充] 火鹤鱼,火鹤鱼 (待翻译),脂鲤科,南美洲,,22-26℃,5.5-7.5,5-12 dGH,中等偏暗,每周1/3,小型颗粒、薄片、丰年虾,容易,适合与温和鱼混养,散卵繁殖,,百度百科 + 智能增强,增强完成,100.00%,,中层,温和,保持水质稳定，定期检疫，避免过度喂食,3-5年,30升,
灰面短鲷.jpg,灰面短鲷,[待补充] 灰面短鲷,灰面短鲷 (待翻译),慈鲷科,南美洲亚马逊流域,,24-28℃,5.5-7.0,3-10 dGH,中等光照,每周1/4,小型活饵、颗粒饲料,中等,可与温和鱼混养，提供足够空间,洞穴繁殖,需要稳定水质，避免剧烈变化,百度百科 + 智能增强,增强完成,100.00%,,中层,温和，有领地意识,保持水质稳定，定期检疫，避免过度喂食,2-4年,40升,
点鱼.jpg,点鱼,[待补充] 点鱼,点鱼 (待翻译),脂鲤科,南美洲,,22-26℃,5.5-7.5,5-12 dGH,中等偏暗,每周1/3,小型颗粒、薄片、丰年虾,容易,适合与温和鱼混养,散卵繁殖,,百度百科 + 智能增强,增强完成,100.00%,,中层,温和,保持水质稳定，定期检疫，避免过度喂食,3-5年,30升,
熊猫鱼.jpg,熊猫鱼,[待补充] 熊猫鱼,熊猫鱼 (待翻译),脂鲤科,南美洲,,22-26℃,5.5-7.5,5-12 dGH,中等偏暗,每周1/3,小型颗粒、薄片、丰年虾,容易,适合与温和鱼混养,散卵繁殖,,百度百科 + 智能增强,增强完成,100.00%,,中层,温和,保持水质稳定，定期检疫，避免过度喂食,3-5年,30升,
爱琴鱼.jpg,爱琴鱼,[待补充] 爱琴鱼,爱琴鱼 (待翻译),脂鲤科,南美洲,,22-26℃,5.5-7.5,5-12 dGH,中等偏暗,每周1/3,小型颗粒、薄片、丰年虾,容易,适合与温和鱼混养,散卵繁殖,,百度百科 + 智能增强,增强完成,100.00%,,中层,温和,保持水质稳定，定期检疫，避免过度喂食,3-5年,30升,
牛头鱼.jpg,牛头鱼,[待补充] 牛头鱼,牛头鱼 (待翻译),脂鲤科,南美洲,,22-26℃,5.5-7.5,5-12 dGH,中等偏暗,每周1/3,小型颗粒、薄片、丰年虾,容易,适合与温和鱼混养,散卵繁殖,,百度百科 + 智能增强,增强完成,100.00%,,中层,温和,保持水质稳定，定期检疫，避免过度喂食,3-5年,30升,
狼牙鱼.jpg,狼牙鱼,[待补充] 狼牙鱼,狼牙鱼 (待翻译),脂鲤科,南美洲,,22-26℃,5.5-7.5,5-12 dGH,中等偏暗,每周1/3,小型颗粒、薄片、丰年虾,容易,适合与温和鱼混养,散卵繁殖,,百度百科 + 智能增强,增强完成,100.00%,,中层,温和,保持水质稳定，定期检疫，避免过度喂食,3-5年,30升,
熊猫短鲷（雌）.jpg,熊猫短鲷（雌）,[待补充] 熊猫短鲷（雌）,熊猫短鲷（雌） (待翻译),慈鲷科,南美洲亚马逊流域,,24-28℃,6.5-7.5,3-10 dGH,中等光照,每周1/4,小型活饵、颗粒饲料,中等,可与温和鱼混养，提供足够空间,洞穴繁殖,需要稳定水质，避免剧烈变化,百度搜索 + 智能增强,增强完成,100.00%,中性水质,中层,温和，有领地意识,保持水质稳定，定期检疫，避免过度喂食,2-4年,40升,热带鱼
玻璃猫.jpg,玻璃猫,[待补充] 玻璃猫,玻璃猫 (待翻译),脂鲤科,南美洲,,22-26℃,5.5-7.5,5-12 dGH,中等偏暗,每周1/3,小型颗粒、薄片、丰年虾,容易,适合与温和鱼混养,散卵繁殖,,百度百科 + 智能增强,增强完成,100.00%,,中层,温和,保持水质稳定，定期检疫，避免过度喂食,3-5年,30升,
环纹拟平颔鱼.jpg,环纹拟平颔鱼,[待补充] 环纹拟平颔鱼,环纹拟平颔鱼 (待翻译),脂鲤科,南美洲,,26-29℃,7.0-8.5,5-12 dGH,中等偏暗,每周1/3,小型颗粒、薄片、丰年虾,容易,适合与温和鱼混养,散卵繁殖,,百度搜索 + 智能增强,增强完成,100.00%,偏好弱碱性硬水,中层,温和,保持水质稳定，定期检疫，避免过度喂食,3-5年,30升,热带鱼
玻利维亚凤凰（雄）.jpg,玻利维亚凤凰（雄）,[待补充] 玻利维亚凤凰（雄）,玻利维亚凤凰（雄） (待翻译),慈鲷科,南美洲,,22-26℃,6.0-7.5,5-15 dGH,中等光照,每周1/3,"杂食性,喜食活饵及人工饲料",容易,可与温和鱼混养，提供足够空间,平板繁殖,,百度搜索 + 智能增强,增强完成,100.00%,,中层,温和，有领地意识,保持水质稳定，定期检疫，避免过度喂食,3-5年,100升,热带鱼
珍珠灯.jpg,珍珠灯,[待补充] 珍珠灯,珍珠灯 (待翻译),脂鲤科,南美洲,,22-26℃,5.5-7.5,5-12 dGH,中等偏暗,每周1/3,小型颗粒、薄片、丰年虾,容易,适合群养，可与温和鱼混养,散卵繁殖,,百度百科 + 智能增强,增强完成,100.00%,,中层,温和，群居,保持水质稳定，定期检疫，避免过度喂食,3-5年,30升,
玻璃血心.jpg,玻璃血心,[待补充] 玻璃血心,玻璃血心 (待翻译),脂鲤科,南美洲,,24-28℃,6.5-7.5,5-12 dGH,中等偏暗,每周1/3,小型颗粒、薄片、丰年虾,容易,适合与温和鱼混养,散卵繁殖,,百度搜索 + 智能增强,增强完成,100.00%,中性水质,中层,温和,保持水质稳定，定期检疫，避免过度喂食,3-5年,30升,热带鱼
珍珠虹鱼.jpg,珍珠虹鱼,[待补充] 珍珠虹鱼,珍珠虹鱼 (待翻译),脂鲤科,南美洲,,22-26℃,5.5-7.5,5-12 dGH,中等偏暗,每周1/3,小型颗粒、薄片、丰年虾,容易,适合与温和鱼混养,散卵繁殖,,百度百科 + 智能增强,增强完成,100.00%,,中层,温和,保持水质稳定，定期检疫，避免过度喂食,3-5年,30升,
玻璃飞刀.jpg,玻璃飞刀,[待补充] 玻璃飞刀,玻璃飞刀 (待翻译),脂鲤科,南美洲,,23-28℃,6.5-7.5,5-12 dGH,中等偏暗,每周1/3,小型颗粒、薄片、丰年虾,较易 ,适合与温和鱼混养,散卵繁殖,,百度搜索 + 智能增强,增强完成,100.00%,中性水质,上层,温和,保持水质稳定，定期检疫，避免过度喂食,3-5年,30升,热带鱼
珍珠蝴蝶.jpg,珍珠蝴蝶,[待补充] 珍珠蝴蝶,珍珠蝴蝶 (待翻译),脂鲤科,南美洲,,22-26℃,5.5-7.5,5-12 dGH,中等偏暗,每周1/3,小型颗粒、薄片、丰年虾,容易,适合与温和鱼混养,散卵繁殖,,百度百科 + 智能增强,增强完成,100.00%,,中层,温和,保持水质稳定，定期检疫，避免过度喂食,3-5年,30升,
珍珠马甲.jpg,珍珠马甲,[待补充] 珍珠马甲,珍珠马甲 (待翻译),脂鲤科,南美洲,,22-26℃,5.5-7.5,5-12 dGH,中等偏暗,每周1/3,小型颗粒、薄片、丰年虾,容易,适合与温和鱼混养,散卵繁殖,,百度百科 + 智能增强,增强完成,100.00%,,中层,温和,保持水质稳定，定期检疫，避免过度喂食,3-5年,30升,
琵琶鼠.jpg,琵琶鼠,[待补充] 琵琶鼠,琵琶鼠 (待翻译),甲鲶科,南美洲,,22-26℃,6.5-7.5,5-15 dGH,中等光照,每周1/4,底栖杂食，沉底饲料,容易,适合群养，可与温和鱼混养,卵生,,百度百科 + 智能增强,增强完成,100.00%,,底层,温和，群居,保持水质稳定，定期检疫，避免过度喂食,3-5年,40升,
画眉鲷.jpg,画眉鲷,[待补充] 画眉鲷,画眉鲷 (待翻译),慈鲷科,南美洲,,24-30℃,6.0-7.5,5-15 dGH,中等光照,每周1/3,杂食偏肉食,中等,适合与温和鱼混养,平板繁殖,,百度百科 + 智能增强,增强完成,100.00%,,中层,温和,保持水质稳定，定期检疫，避免过度喂食,3-5年,100升,
琴尾短鲷（雄）.jpg,琴尾短鲷（雄）,[待补充] 琴尾短鲷（雄）,琴尾短鲷（雄） (待翻译),慈鲷科,南美洲亚马逊流域,,26-28℃,5.5-7.0,3-10 dGH,中等光照,每周1/4,小型活饵、颗粒饲料,中等,可与温和鱼混养，提供足够空间,洞穴繁殖,需要稳定水质，避免剧烈变化,百度搜索 + 智能增强,增强完成,100.00%,,中层,温和，有领地意识,保持水质稳定，定期检疫，避免过度喂食,2-4年,40升,热带鱼
琴尾短鲷（雌）.jpg,琴尾短鲷（雌）,[待补充] 琴尾短鲷（雌）,琴尾短鲷（雌） (待翻译),慈鲷科,南美洲亚马逊流域,,26-28℃,7.0-8.5,3-10 dGH,中等光照,每周1/4,小型活饵、颗粒饲料,中等,可与温和鱼混养，提供足够空间,洞穴繁殖,需要稳定水质，避免剧烈变化,百度搜索 + 智能增强,增强完成,100.00%,偏好弱碱性硬水,中层,温和，有领地意识,保持水质稳定，定期检疫，避免过度喂食,2-4年,40升,热带鱼
白玉凤凰.jpg,白玉凤凰,[待补充] 白玉凤凰,白玉凤凰 (待翻译),慈鲷科,南美洲,,24-30℃,6.0-7.5,5-15 dGH,中等光照,每周1/3,杂食偏肉食,中等,可与温和鱼混养，提供足够空间,平板繁殖,,百度百科 + 智能增强,增强完成,100.00%,,中层,温和，有领地意识,保持水质稳定，定期检疫，避免过度喂食,3-5年,100升,
白兰特短鲷（雄）.jpg,白兰特短鲷（雄）,[待补充] 白兰特短鲷（雄）,白兰特短鲷（雄） (待翻译),慈鲷科,南美洲亚马逊流域,,18-24℃,4-7.5,3-10 dGH,中等光照,每周1/4,小型活饵、颗粒饲料,中等 ,可与温和鱼混养，提供足够空间,洞穴繁殖,需要稳定水质，避免剧烈变化,百度搜索 + 智能增强,增强完成,100.00%,偏好弱酸性软水,中层,温和，有领地意识,保持水质稳定，定期检疫，避免过度喂食,2-4年,40升,冷水鱼
白鼠.jpg,白鼠,[待补充] 白鼠,白鼠 (待翻译),甲鲶科,南美洲,,22-26℃,6.5-7.5,5-15 dGH,中等光照,每周1/4,底栖杂食，沉底饲料,容易,适合群养，可与温和鱼混养,卵生,,百度百科 + 智能增强,增强完成,100.00%,,底层,温和，群居,保持水质稳定，定期检疫，避免过度喂食,3-5年,40升,
白兰特短鲷（雌）.jpg,白兰特短鲷（雌）,[待补充] 白兰特短鲷（雌）,白兰特短鲷（雌） (待翻译),慈鲷科,南美洲亚马逊流域,,26-28℃,26-28,3-10 dGH,中等光照,每周1/4,小型活饵、颗粒饲料,中等,可与温和鱼混养，提供足够空间,洞穴繁殖,需要稳定水质，避免剧烈变化,百度搜索 + 智能增强,增强完成,100.00%,偏好弱碱性硬水,中层,温和，有领地意识,保持水质稳定，定期检疫，避免过度喂食,2-4年,40升,热带鱼
白豹鼠.jpg,白豹鼠,[待补充] 白豹鼠,白豹鼠 (待翻译),甲鲶科,南美洲,,22-26℃,5.5-7.5,5-15 dGH,中等光照,每周1/4,底栖杂食，沉底饲料,容易,建议单养或与大型凶猛鱼混养,卵生,,百度搜索 + 智能增强,增强完成,100.00%,中性水质,底层,凶猛，有攻击性,保持水质稳定，定期检疫，避免过度喂食,3-5年,40升,热带鱼
皮颔.jpg,皮颔,[待补充] 皮颔,皮颔 (待翻译),脂鲤科,南美洲,,22-26℃,5.5-7.5,5-12 dGH,中等偏暗,每周1/3,小型颗粒、薄片、丰年虾,容易,适合与温和鱼混养,散卵繁殖,,百度百科 + 智能增强,增强完成,100.00%,,中层,温和,保持水质稳定，定期检疫，避免过度喂食,3-5年,30升,
皇帝.jpg,皇帝,[待补充] 皇帝,皇帝 (待翻译),脂鲤科,南美洲,,22-26℃,5.5-7.5,5-12 dGH,中等偏暗,每周1/3,小型颗粒、薄片、丰年虾,容易,适合与温和鱼混养,散卵繁殖,,百度百科 + 智能增强,增强完成,100.00%,,中层,温和,保持水质稳定，定期检疫，避免过度喂食,3-5年,30升,
盲鱼.jpg,盲鱼,[待补充] 盲鱼,盲鱼 (待翻译),脂鲤科,南美洲,,22-26℃,5.5-7.5,5-12 dGH,中等偏暗,每周1/3,小型颗粒、薄片、丰年虾,容易,适合与温和鱼混养,散卵繁殖,,百度百科 + 智能增强,增强完成,100.00%,,中层,温和,保持水质稳定，定期检疫，避免过度喂食,3-5年,30升,
皇冠棋盘鲷.jpg,皇冠棋盘鲷,[待补充] 皇冠棋盘鲷,皇冠棋盘鲷 (待翻译),慈鲷科,南美洲,,22-26℃,6.5-7.5,5-15 dGH,中等光照,每周1/3,杂食偏肉食,中等,适合与温和鱼混养,平板繁殖,,百度搜索 + 智能增强,增强完成,100.00%,中性水质,中层,温和,保持水质稳定，定期检疫，避免过度喂食,3-5年,100升,热带鱼
眼斑鲷.jpg,眼斑鲷,[待补充] 眼斑鲷,眼斑鲷 (待翻译),慈鲷科,南美洲,,24-30℃,6.0-7.5,5-15 dGH,中等光照,每周1/3,杂食偏肉食,中等,适合与温和鱼混养,平板繁殖,,百度百科 + 智能增强,增强完成,100.00%,,中层,温和,保持水质稳定，定期检疫，避免过度喂食,3-5年,100升,
突顶鲷.jpg,突顶鲷,[待补充] 突顶鲷,突顶鲷 (待翻译),慈鲷科,南美洲,,24-30℃,6.0-7.5,5-15 dGH,中等光照,每周1/3,杂食偏肉食,中等,适合与温和鱼混养,平板繁殖,,百度百科 + 智能增强,增强完成,100.00%,,中层,温和,保持水质稳定，定期检疫，避免过度喂食,3-5年,100升,
短鼻六间鱼.jpg,短鼻六间鱼,[待补充] 短鼻六间鱼,短鼻六间鱼 (待翻译),脂鲤科,南美洲,,22-26℃,5.5-7.5,5-12 dGH,中等偏暗,每周1/3,小型颗粒、薄片、丰年虾,容易,适合与温和鱼混养,散卵繁殖,,百度百科 + 智能增强,增强完成,100.00%,,中层,温和,保持水质稳定，定期检疫，避免过度喂食,3-5年,30升,
粉红旗.jpg,粉红旗,[待补充] 粉红旗,粉红旗 (待翻译),脂鲤科,南美洲,,22-26℃,5.5-7.5,5-12 dGH,中等偏暗,每周1/3,小型颗粒、薄片、丰年虾,容易,适合与温和鱼混养,散卵繁殖,,百度百科 + 智能增强,增强完成,100.00%,,中层,温和,保持水质稳定，定期检疫，避免过度喂食,3-5年,30升,
紫肚皇冠.jpg,紫肚皇冠,[待补充] 紫肚皇冠,紫肚皇冠 (待翻译),脂鲤科,南美洲,,22-26℃,5.5-7.5,5-12 dGH,中等偏暗,每周1/3,小型颗粒、薄片、丰年虾,容易,适合与温和鱼混养,散卵繁殖,,百度百科 + 智能增强,增强完成,100.00%,,中层,温和,保持水质稳定，定期检疫，避免过度喂食,3-5年,30升,
紫水晶.jpg,紫水晶,[待补充] 紫水晶,紫水晶 (待翻译),脂鲤科,南美洲,,22-26℃,5.5-7.5,5-12 dGH,中等偏暗,每周1/3,小型颗粒、薄片、丰年虾,容易,适合与温和鱼混养,散卵繁殖,,百度百科 + 智能增强,增强完成,100.00%,,中层,温和,保持水质稳定，定期检疫，避免过度喂食,3-5年,30升,
紫衣皇后.jpg,紫衣皇后,[待补充] 紫衣皇后,紫衣皇后 (待翻译),脂鲤科,南美洲,,22-26℃,5.5-7.5,5-12 dGH,中等偏暗,每周1/3,小型颗粒、薄片、丰年虾,容易,适合与温和鱼混养,散卵繁殖,,百度百科 + 智能增强,增强完成,100.00%,,中层,温和,保持水质稳定，定期检疫，避免过度喂食,3-5年,30升,
红印.jpg,红印,[待补充] 红印,红印 (待翻译),脂鲤科,南美洲,,22-26℃,5.5-7.5,5-12 dGH,中等偏暗,每周1/3,小型颗粒、薄片、丰年虾,容易,适合与温和鱼混养,散卵繁殖,,百度百科 + 智能增强,增强完成,100.00%,,中层,温和,保持水质稳定，定期检疫，避免过度喂食,3-5年,30升,
粗鳞红尾脂鲤.jpg,粗鳞红尾脂鲤,[待补充] 粗鳞红尾脂鲤,粗鳞红尾脂鲤 (待翻译),脂鲤科,南美洲,,20-27℃,0.1-0.5,5-12 dGH,中等偏暗,每周1/3,小型颗粒、薄片、丰年虾,容易,适合与温和鱼混养,散卵繁殖,,百度搜索 + 智能增强,增强完成,100.00%,偏好弱酸性软水,中层,温和,保持水质稳定，定期检疫，避免过度喂食,3-5年,30升,热带鱼
红宝石.jpg,红宝石,[待补充] 红宝石,红宝石 (待翻译),慈鲷科,南美洲,,24-30℃,6.0-7.5,5-15 dGH,中等光照,每周1/3,杂食偏肉食,中等,适合与温和鱼混养,平板繁殖,,百度百科 + 智能增强,增强完成,100.00%,,中层,温和,保持水质稳定，定期检疫，避免过度喂食,3-5年,100升,
红两点短鲷.jpg,红两点短鲷,[待补充] 红两点短鲷,红两点短鲷 (待翻译),慈鲷科,南美洲亚马逊流域,,24-28℃,6.5-7.5,3-10 dGH,中等光照,每周1/4,小型活饵、颗粒饲料,较难 ,可与温和鱼混养，提供足够空间,洞穴繁殖,需要稳定水质，避免剧烈变化,百度搜索 + 智能增强,增强完成,100.00%,中性水质,中层,温和，有领地意识,保持水质稳定，定期检疫，避免过度喂食,2-4年,40升,热带鱼
红尾鲶.jpg,红尾鲶,[待补充] 红尾鲶,红尾鲶 (待翻译),脂鲤科,南美洲,,22-26℃,5.5-7.5,5-12 dGH,中等偏暗,每周1/3,小型颗粒、薄片、丰年虾,容易,适合与温和鱼混养,散卵繁殖,,百度百科 + 智能增强,增强完成,100.00%,,底层,温和,保持水质稳定，定期检疫，避免过度喂食,3-5年,30升,
红尾黑鲨.jpg,红尾黑鲨,[待补充] 红尾黑鲨,红尾黑鲨 (待翻译),脂鲤科,南美洲,,22-26℃,5.5-7.5,5-12 dGH,中等偏暗,每周1/3,小型颗粒、薄片、丰年虾,容易,适合与温和鱼混养,散卵繁殖,,百度百科 + 智能增强,增强完成,100.00%,,中层,温和,保持水质稳定，定期检疫，避免过度喂食,3-5年,30升,
红帆短鲷.jpg,红帆短鲷,[待补充] 红帆短鲷,红帆短鲷 (待翻译),慈鲷科,南美洲亚马逊流域,,24-28℃,5.5-7.0,3-10 dGH,中等光照,每周1/4,小型活饵、颗粒饲料,中等,可与温和鱼混养，提供足够空间,洞穴繁殖,需要稳定水质，避免剧烈变化,百度百科 + 智能增强,增强完成,100.00%,,中层,温和，有领地意识,保持水质稳定，定期检疫，避免过度喂食,2-4年,40升,
红珍珠短鲷.jpg,红珍珠短鲷,[待补充] 红珍珠短鲷,红珍珠短鲷 (待翻译),慈鲷科,南美洲亚马逊流域,,24-28℃,5.5-7.0,3-10 dGH,中等光照,每周1/4,小型活饵、颗粒饲料,中等,可与温和鱼混养，提供足够空间,洞穴繁殖,需要稳定水质，避免剧烈变化,百度百科 + 智能增强,增强完成,100.00%,,中层,温和，有领地意识,保持水质稳定，定期检疫，避免过度喂食,2-4年,40升,
红尾大企鹅.jpg,红尾大企鹅,[待补充] 红尾大企鹅,红尾大企鹅 (待翻译),脂鲤科,南美洲,,24-28℃,6.5-7.5,5-12 dGH,中等偏暗,每周1/3,小型颗粒、薄片、丰年虾,容易,适合与温和鱼混养,散卵繁殖,,百度搜索 + 智能增强,增强完成,100.00%,中性水质,中层,温和,保持水质稳定，定期检疫，避免过度喂食,3-5年,30升,热带鱼
红肚凤凰.jpg,红肚凤凰,[待补充] 红肚凤凰,红肚凤凰 (待翻译),慈鲷科,南美洲,,24-30℃,6.0-7.5,5-15 dGH,中等光照,每周1/3,杂食偏肉食,中等,可与温和鱼混养，提供足够空间,平板繁殖,,百度百科 + 智能增强,增强完成,100.00%,,中层,温和，有领地意识,保持水质稳定，定期检疫，避免过度喂食,3-5年,100升,
红绿灯.jpg,红绿灯,[待补充] 红绿灯,红绿灯 (待翻译),脂鲤科,南美洲,,22-26℃,5.5-7.5,5-12 dGH,中等偏暗,每周1/3,小型颗粒、薄片、丰年虾,容易,适合群养，可与温和鱼混养,散卵繁殖,,百度百科 + 智能增强,增强完成,100.00%,,中层,温和，群居,保持水质稳定，定期检疫，避免过度喂食,3-5年,30升,
红斗鼠.jpg,红斗鼠,[待补充] 红斗鼠,红斗鼠 (待翻译),甲鲶科,南美洲,,22-26℃,5.0-7.0,5-15 dGH,中等光照,每周1/4,干饲料（饲料片）、活饵料 成鱼大小：3-4cm 分析：1.生存pH值，斗鱼要求弱碱性（不易生病），红,容易,适合群养，可与温和鱼混养,卵生,,百度搜索 + 智能增强,增强完成,100.00%,偏好弱酸性软水,底层,温和，群居,保持水质稳定，定期检疫，避免过度喂食,3-5年,40升,热带鱼
红苹果.jpg,红苹果,[待补充] 红苹果,红苹果 (待翻译),脂鲤科,南美洲,,22-26℃,5.5-7.5,5-12 dGH,中等偏暗,每周1/3,小型颗粒、薄片、丰年虾,容易,适合与温和鱼混养,散卵繁殖,,百度百科 + 智能增强,增强完成,100.00%,,中层,温和,保持水质稳定，定期检疫，避免过度喂食,3-5年,30升,
红魔鬼.jpg,红魔鬼,[待补充] 红魔鬼,红魔鬼 (待翻译),脂鲤科,南美洲,,22-26℃,5.5-7.5,5-12 dGH,中等偏暗,每周1/3,小型颗粒、薄片、丰年虾,容易,建议单养或与大型凶猛鱼混养,散卵繁殖,,百度百科 + 智能增强,增强完成,100.00%,,中层,凶猛，有攻击性,保持水质稳定，定期检疫，避免过度喂食,3-5年,30升,
红腮皇冠.jpg,红腮皇冠,[待补充] 红腮皇冠,红腮皇冠 (待翻译),脂鲤科,南美洲,,21-25℃,5.5-7.5,5-12 dGH,中等偏暗,每周1/3,小型颗粒、薄片、丰年虾,容易,适合与温和鱼混养,散卵繁殖,,百度搜索 + 智能增强,增强完成,100.00%,,中层,温和,保持水质稳定，定期检疫，避免过度喂食,3-5年,30升,热带鱼
红鳍鲫.jpg,红鳍鲫,[待补充] 红鳍鲫,红鳍鲫 (待翻译),鲤科,中国,,18-24℃,7.0-7.5,8-12 dGH,中等光照,每周1/3-1/2,杂食性，专用金鱼饲料,容易,适合与温和鱼混养,卵生,,百度百科 + 智能增强,增强完成,100.00%,,中层,温和,保持水质稳定，定期检疫，避免过度喂食,3-5年,50升,
红鼻剪刀.jpg,红鼻剪刀,[待补充] 红鼻剪刀,红鼻剪刀 (待翻译),脂鲤科,南美洲,,22-26℃,5.5-7.5,5-12 dGH,中等偏暗,每周1/3,小型颗粒、薄片、丰年虾,容易,适合与温和鱼混养,散卵繁殖,,百度百科 + 智能增强,增强完成,100.00%,,中层,温和,保持水质稳定，定期检疫，避免过度喂食,3-5年,30升,
红鳍铅笔鱼.jpg,红鳍铅笔鱼,[待补充] 红鳍铅笔鱼,红鳍铅笔鱼 (待翻译),脂鲤科,南美洲,,24-28℃,6.5-7.5,5-12 dGH,中等偏暗,每周1/3,小型颗粒、薄片、丰年虾,中等,适合与温和鱼混养,散卵繁殖,,百度搜索 + 智能增强,增强完成,100.00%,中性水质,中层,温和,保持水质稳定，定期检疫，避免过度喂食,3-5年,30升,热带鱼
维吉塔短鲷.jpg,维吉塔短鲷,[待补充] 维吉塔短鲷,维吉塔短鲷 (待翻译),慈鲷科,南美洲亚马逊流域,,24-28℃,5.5-7.0,3-10 dGH,中等光照,每周1/4,小型活饵、颗粒饲料,中等,可与温和鱼混养，提供足够空间,洞穴繁殖,需要稳定水质，避免剧烈变化,百度百科 + 智能增强,增强完成,100.00%,,中层,温和，有领地意识,保持水质稳定，定期检疫，避免过度喂食,2-4年,40升,
绿宝石短鲷.jpg,绿宝石短鲷,[待补充] 绿宝石短鲷,绿宝石短鲷 (待翻译),慈鲷科,南美洲亚马逊流域,,24-28℃,5.5-7.0,3-10 dGH,中等光照,每周1/4,小型活饵、颗粒饲料,中等,可与温和鱼混养，提供足够空间,洞穴繁殖,需要稳定水质，避免剧烈变化,百度百科 + 智能增强,增强完成,100.00%,,中层,温和，有领地意识,保持水质稳定，定期检疫，避免过度喂食,2-4年,40升,
维纳斯.jpg,维纳斯,[待补充] 维纳斯,维纳斯 (待翻译),脂鲤科,南美洲,,22-26℃,5.5-7.5,5-12 dGH,中等偏暗,每周1/3,小型颗粒、薄片、丰年虾,容易,适合与温和鱼混养,散卵繁殖,,百度百科 + 智能增强,增强完成,100.00%,,中层,温和,保持水质稳定，定期检疫，避免过度喂食,3-5年,30升,
绅士鼠.jpg,绅士鼠,[待补充] 绅士鼠,绅士鼠 (待翻译),甲鲶科,南美洲,,24-28℃,6.5-7.5,5-15 dGH,中等光照,每周1/4,底栖杂食，沉底饲料,容易,适合群养，可与温和鱼混养,卵生,,百度搜索 + 智能增强,增强完成,100.00%,中性水质,底层,温和，群居,保持水质稳定，定期检疫，避免过度喂食,3-5年,40升,热带鱼
罗氏琴尾鱼.jpg,罗氏琴尾鱼,[待补充] 罗氏琴尾鱼,罗氏琴尾鱼 (待翻译),脂鲤科,南美洲,,22-26℃,5.5-7.5,5-12 dGH,中等偏暗,每周1/3,小型颗粒、薄片、丰年虾,容易,适合与温和鱼混养,散卵繁殖,,百度百科 + 智能增强,增强完成,100.00%,,中层,温和,保持水质稳定，定期检疫，避免过度喂食,3-5年,30升,
绿莲灯.jpg,绿莲灯,[待补充] 绿莲灯,绿莲灯 (待翻译),脂鲤科,南美洲,,22-26℃,5.5-7.5,5-12 dGH,中等偏暗,每周1/3,小型颗粒、薄片、丰年虾,容易,适合群养，可与温和鱼混养,散卵繁殖,,百度搜索 + 智能增强,增强完成,100.00%,,中层,温和，群居,保持水质稳定，定期检疫，避免过度喂食,3-5年,30升,
美国旗鱼.jpg,美国旗鱼,[待补充] 美国旗鱼,美国旗鱼 (待翻译),脂鲤科,南美洲,,22-26℃,5.5-7.5,5-12 dGH,中等偏暗,每周1/3,小型颗粒、薄片、丰年虾,容易,适合与温和鱼混养,散卵繁殖,,百度百科 + 智能增强,增强完成,100.00%,,中层,温和,保持水质稳定，定期检疫，避免过度喂食,3-5年,30升,
胭脂鱼.jpg,胭脂鱼,[待补充] 胭脂鱼,胭脂鱼 (待翻译),脂鲤科,南美洲,,22-26℃,5.5-7.5,5-12 dGH,中等偏暗,每周1/3,小型颗粒、薄片、丰年虾,容易,适合与温和鱼混养,散卵繁殖,,百度百科 + 智能增强,增强完成,100.00%,,中层,温和,保持水质稳定，定期检疫，避免过度喂食,3-5年,30升,
花小丑.jpg,花小丑,[待补充] 花小丑,花小丑 (待翻译),脂鲤科,南美洲,,22-26℃,5.5-7.5,5-12 dGH,中等偏暗,每周1/3,小型颗粒、薄片、丰年虾,容易,适合与温和鱼混养,散卵繁殖,,百度百科 + 智能增强,增强完成,100.00%,,中层,温和,保持水质稳定，定期检疫，避免过度喂食,3-5年,30升,
胭脂短鲷.jpg,胭脂短鲷,[待补充] 胭脂短鲷,胭脂短鲷 (待翻译),慈鲷科,南美洲亚马逊流域,,24-28℃,5.5-7.0,3-10 dGH,中等光照,每周1/4,小型活饵、颗粒饲料,中等,可与温和鱼混养，提供足够空间,洞穴繁殖,需要稳定水质，避免剧烈变化,百度搜索 + 智能增强,增强完成,100.00%,,中层,温和，有领地意识,保持水质稳定，定期检疫，避免过度喂食,2-4年,40升,
花面皇冠.jpg,花面皇冠,[待补充] 花面皇冠,花面皇冠 (待翻译),脂鲤科,南美洲,,22-26℃,5.5-7.5,5-12 dGH,中等偏暗,每周1/3,小型颗粒、薄片、丰年虾,容易,适合与温和鱼混养,散卵繁殖,,百度百科 + 智能增强,增强完成,100.00%,,中层,温和,保持水质稳定，定期检疫，避免过度喂食,3-5年,30升,
花短鲷（雄）.jpg,花短鲷（雄）,[待补充] 花短鲷（雄）,花短鲷（雄） (待翻译),慈鲷科,南美洲亚马逊流域,,24-28℃,5.5-7.0,3-10 dGH,中等光照,每周1/4,小型活饵、颗粒饲料,中等,可与温和鱼混养，提供足够空间,洞穴繁殖,需要稳定水质，避免剧烈变化,百度搜索 + 智能增强,增强完成,100.00%,,中层,温和，有领地意识,保持水质稳定，定期检疫，避免过度喂食,2-4年,40升,
花短鲷（雌）.jpg,花短鲷（雌）,[待补充] 花短鲷（雌）,花短鲷（雌） (待翻译),慈鲷科,南美洲亚马逊流域,,24-28℃,5.5-7.0,3-10 dGH,中等光照,每周1/4,小型活饵、颗粒饲料,中等,可与温和鱼混养，提供足够空间,洞穴繁殖,需要稳定水质，避免剧烈变化,百度搜索 + 智能增强,增强完成,100.00%,,中层,温和，有领地意识,保持水质稳定，定期检疫，避免过度喂食,2-4年,40升,
茅尖鱼.jpg,茅尖鱼,[待补充] 茅尖鱼,茅尖鱼 (待翻译),脂鲤科,南美洲,,22-26℃,5.5-7.5,5-12 dGH,中等偏暗,每周1/3,小型颗粒、薄片、丰年虾,容易,适合与温和鱼混养,散卵繁殖,,百度百科 + 智能增强,增强完成,100.00%,,中层,温和,保持水质稳定，定期检疫，避免过度喂食,3-5年,30升,
荷兰凤凰.jpg,荷兰凤凰,[待补充] 荷兰凤凰,荷兰凤凰 (待翻译),慈鲷科,南美洲,,24-30℃,6.0-7.5,5-15 dGH,中等光照,每周1/3,杂食偏肉食,中等,可与温和鱼混养，提供足够空间,平板繁殖,,百度百科 + 智能增强,增强完成,100.00%,,中层,温和，有领地意识,保持水质稳定，定期检疫，避免过度喂食,3-5年,100升,
萨伊蓝六间.jpg,萨伊蓝六间,[待补充] 萨伊蓝六间,萨伊蓝六间 (待翻译),脂鲤科,南美洲,,22-26℃,5.5-7.5,5-12 dGH,中等偏暗,每周1/3,小型颗粒、薄片、丰年虾,容易,适合与温和鱼混养,散卵繁殖,,百度百科 + 智能增强,增强完成,100.00%,,中层,温和,保持水质稳定，定期检疫，避免过度喂食,3-5年,30升,
蒙面皇冠.jpg,蒙面皇冠,[待补充] 蒙面皇冠,蒙面皇冠 (待翻译),脂鲤科,南美洲,,22-26℃,5.5-7.5,5-12 dGH,中等偏暗,每周1/3,小型颗粒、薄片、丰年虾,容易,适合与温和鱼混养,散卵繁殖,,百度百科 + 智能增强,增强完成,100.00%,,中层,温和,保持水质稳定，定期检疫，避免过度喂食,3-5年,30升,
蓝三角鱼.jpg,蓝三角鱼,[待补充] 蓝三角鱼,蓝三角鱼 (待翻译),脂鲤科,南美洲,,22-26℃,5.5-7.5,5-12 dGH,中等偏暗,每周1/3,小型颗粒、薄片、丰年虾,容易,适合与温和鱼混养,散卵繁殖,,百度百科 + 智能增强,增强完成,100.00%,,中层,温和,保持水质稳定，定期检疫，避免过度喂食,3-5年,30升,
蓝曼龙.jpg,蓝曼龙,[待补充] 蓝曼龙,蓝曼龙 (待翻译),脂鲤科,南美洲,,22-26℃,5.5-7.5,5-12 dGH,中等偏暗,每周1/3,小型颗粒、薄片、丰年虾,容易,适合与温和鱼混养,散卵繁殖,,百度百科 + 智能增强,增强完成,100.00%,,中层,温和,保持水质稳定，定期检疫，避免过度喂食,3-5年,30升,
蓝宝石.jpg,蓝宝石,[待补充] 蓝宝石,蓝宝石 (待翻译),慈鲷科,南美洲,,24-30℃,6.0-7.5,5-15 dGH,中等光照,每周1/3,杂食偏肉食,中等,适合与温和鱼混养,平板繁殖,,百度百科 + 智能增强,增强完成,100.00%,,中层,温和,保持水质稳定，定期检疫，避免过度喂食,3-5年,100升,
蓝眼贝.jpg,蓝眼贝,[待补充] 蓝眼贝,蓝眼贝 (待翻译),脂鲤科,南美洲,,22-26℃,5.5-7.5,5-12 dGH,中等偏暗,每周1/3,小型颗粒、薄片、丰年虾,容易,适合与温和鱼混养,散卵繁殖,,百度百科 + 智能增强,增强完成,100.00%,,中层,温和,保持水质稳定，定期检疫，避免过度喂食,3-5年,30升,
蓝眼鲫.jpg,蓝眼鲫,[待补充] 蓝眼鲫,蓝眼鲫 (待翻译),鲤科,中国,,18-24℃,7.0-7.5,8-12 dGH,中等光照,每周1/3-1/2,杂食性，专用金鱼饲料,容易,适合与温和鱼混养,卵生,,百度百科 + 智能增强,增强完成,100.00%,,中层,温和,保持水质稳定，定期检疫，避免过度喂食,3-5年,50升,
蓝茉莉.jpg,蓝茉莉,[待补充] 蓝茉莉,蓝茉莉 (待翻译),慈鲷科,南美洲,,24-30℃,6.0-7.5,5-15 dGH,中等光照,每周1/3,杂食偏肉食,中等,适合与温和鱼混养,平板繁殖,,百度百科 + 智能增强,增强完成,100.00%,,中层,温和,保持水质稳定，定期检疫，避免过度喂食,3-5年,100升,
蓝色红两点短鲷.jpg,蓝色红两点短鲷,[待补充] 蓝色红两点短鲷,蓝色红两点短鲷 (待翻译),慈鲷科,南美洲亚马逊流域,,24-28℃,5.5-7.0,3-10 dGH,中等光照,每周1/4,小型活饵、颗粒饲料,中等,可与温和鱼混养，提供足够空间,洞穴繁殖,需要稳定水质，避免剧烈变化,百度搜索 + 智能增强,增强完成,100.00%,,中层,温和，有领地意识,保持水质稳定，定期检疫，避免过度喂食,2-4年,40升,
蓝袖鲷.jpg,蓝袖鲷,[待补充] 蓝袖鲷,蓝袖鲷 (待翻译),慈鲷科,南美洲,,24-30℃,6.0-7.5,5-15 dGH,中等光照,每周1/3,杂食偏肉食,中等,适合与温和鱼混养,平板繁殖,,百度百科 + 智能增强,增强完成,100.00%,,中层,温和,保持水质稳定，定期检疫，避免过度喂食,3-5年,100升,
虎皮鱼.jpg,虎皮鱼,[待补充] 虎皮鱼,虎皮鱼 (待翻译),鲤科,中国,,18-24℃,7.0-7.5,8-12 dGH,中等光照,每周1/3-1/2,杂食性，专用金鱼饲料,容易,建议单养或与大型凶猛鱼混养,卵生,,百度百科 + 智能增强,增强完成,100.00%,,中层,凶猛，有攻击性,保持水质稳定，定期检疫，避免过度喂食,3-5年,50升,
虎皮天堂岛.jpg,虎皮天堂岛,[待补充] 虎皮天堂岛,虎皮天堂岛 (待翻译),脂鲤科,南美洲,,22-26℃,5.5-7.5,5-12 dGH,中等偏暗,每周1/3,小型颗粒、薄片、丰年虾,容易,建议单养或与大型凶猛鱼混养,散卵繁殖,,百度搜索 + 智能增强,增强完成,100.00%,,中层,凶猛，有攻击性,保持水质稳定，定期检疫，避免过度喂食,3-5年,30升,
虎鲶.jpg,虎鲶,[待补充] 虎鲶,虎鲶 (待翻译),脂鲤科,南美洲,,22-26℃,5.5-7.5,5-12 dGH,中等偏暗,每周1/3,小型颗粒、薄片、丰年虾,容易,建议单养或与大型凶猛鱼混养,散卵繁殖,,百度百科 + 智能增强,增强完成,100.00%,,底层,凶猛，有攻击性,保持水质稳定，定期检疫，避免过度喂食,3-5年,30升,
蛇纹马甲.jpg,蛇纹马甲,[待补充] 蛇纹马甲,蛇纹马甲 (待翻译),脂鲤科,南美洲,,22-26℃,5.5-7.5,5-12 dGH,中等偏暗,每周1/3,小型颗粒、薄片、丰年虾,容易,适合与温和鱼混养,散卵繁殖,,百度搜索 + 智能增强,增强完成,100.00%,,中层,温和,保持水质稳定，定期检疫，避免过度喂食,3-5年,30升,
血翅鱼.jpg,血翅鱼,[待补充] 血翅鱼,血翅鱼 (待翻译),脂鲤科,南美洲,,22-26℃,5.5-7.5,5-12 dGH,中等偏暗,每周1/3,小型颗粒、薄片、丰年虾,容易,适合与温和鱼混养,散卵繁殖,,百度百科 + 智能增强,增强完成,100.00%,,中层,温和,保持水质稳定，定期检疫，避免过度喂食,3-5年,30升,
血鳍灯.jpg,血鳍灯,[待补充] 血鳍灯,血鳍灯 (待翻译),脂鲤科,南美洲,,22-26℃,5.5-7.5,5-12 dGH,中等偏暗,每周1/3,小型颗粒、薄片、丰年虾,容易,适合群养，可与温和鱼混养,散卵繁殖,,百度百科 + 智能增强,增强完成,100.00%,,中层,温和，群居,保持水质稳定，定期检疫，避免过度喂食,3-5年,30升,
西洋棋盘鲷.jpg,西洋棋盘鲷,[待补充] 西洋棋盘鲷,西洋棋盘鲷 (待翻译),慈鲷科,南美洲,,24-30℃,6.0-7.5,5-15 dGH,中等光照,每周1/3,杂食偏肉食,中等,适合与温和鱼混养,平板繁殖,,百度百科 + 智能增强,增强完成,100.00%,,中层,温和,保持水质稳定，定期检疫，避免过度喂食,3-5年,100升,
象鼻鱼.jpg,象鼻鱼,[待补充] 象鼻鱼,象鼻鱼 (待翻译),脂鲤科,南美洲,,22-26℃,5.5-7.5,5-12 dGH,中等偏暗,每周1/3,小型颗粒、薄片、丰年虾,容易,适合与温和鱼混养,散卵繁殖,,百度百科 + 智能增强,增强完成,100.00%,,中层,温和,保持水质稳定，定期检疫，避免过度喂食,3-5年,30升,
血鹦鹉.jpg,血鹦鹉,[待补充] 血鹦鹉,血鹦鹉 (待翻译),脂鲤科,南美洲,,22-26℃,5.5-7.5,5-12 dGH,中等偏暗,每周1/3,小型颗粒、薄片、丰年虾,容易,适合与温和鱼混养,散卵繁殖,,百度百科 + 智能增强,增强完成,100.00%,,中层,温和,保持水质稳定，定期检疫，避免过度喂食,3-5年,30升,
豹斑脂鲶.jpg,豹斑脂鲶,[待补充] 豹斑脂鲶,豹斑脂鲶 (待翻译),脂鲤科,南美洲,,22-26℃,5.5-7.5,5-12 dGH,中等偏暗,每周1/3,小型颗粒、薄片、丰年虾,容易,建议单养或与大型凶猛鱼混养,散卵繁殖,,百度百科 + 智能增强,增强完成,100.00%,,底层,凶猛，有攻击性,保持水质稳定，定期检疫，避免过度喂食,3-5年,30升,
豹纹斑马鱼.jpg,豹纹斑马鱼,[待补充] 豹纹斑马鱼,豹纹斑马鱼 (待翻译),鲤科,中国,,18-24℃,7.0-7.5,8-12 dGH,中等光照,每周1/3-1/2,杂食性，专用金鱼饲料,容易,建议单养或与大型凶猛鱼混养,卵生,,百度百科 + 智能增强,增强完成,100.00%,,中层,凶猛，有攻击性,保持水质稳定，定期检疫，避免过度喂食,3-5年,50升,
迷你马甲.jpg,迷你马甲,[待补充] 迷你马甲,迷你马甲 (待翻译),脂鲤科,南美洲,,22-26℃,5.5-7.5,5-12 dGH,中等偏暗,每周1/3,小型颗粒、薄片、丰年虾,容易,适合与温和鱼混养,散卵繁殖,,百度搜索 + 智能增强,增强完成,100.00%,,中层,温和,保持水质稳定，定期检疫，避免过度喂食,3-5年,30升,
赤日灯.jpg,赤日灯,[待补充] 赤日灯,赤日灯 (待翻译),脂鲤科,南美洲,,22-26℃,5.5-7.5,5-12 dGH,中等偏暗,每周1/3,小型颗粒、薄片、丰年虾,容易,适合群养，可与温和鱼混养,散卵繁殖,,百度搜索 + 智能增强,增强完成,100.00%,,中层,温和，群居,保持水质稳定，定期检疫，避免过度喂食,3-5年,30升,
金丝鱼.jpg,金丝鱼,[待补充] 金丝鱼,金丝鱼 (待翻译),鲤科,中国,,18-24℃,7.0-7.5,8-12 dGH,中等光照,每周1/3-1/2,杂食性，专用金鱼饲料,容易,适合与温和鱼混养,卵生,,百度百科 + 智能增强,增强完成,100.00%,,中层,温和,保持水质稳定，定期检疫，避免过度喂食,3-5年,50升,
金斑单色鲷.jpg,金斑单色鲷,[待补充] 金斑单色鲷,金斑单色鲷 (待翻译),慈鲷科,南美洲,,24-30℃,6.0-7.5,5-15 dGH,中等光照,每周1/3,杂食偏肉食,中等,适合与温和鱼混养,平板繁殖,,百度百科 + 智能增强,增强完成,100.00%,,中层,温和,保持水质稳定，定期检疫，避免过度喂食,3-5年,100升,
金凤尾短鲷.jpg,金凤尾短鲷,[待补充] 金凤尾短鲷,金凤尾短鲷 (待翻译),慈鲷科,南美洲亚马逊流域,,24-28℃,5.5-7.0,3-10 dGH,中等光照,每周1/4,小型活饵、颗粒饲料,中等,可与温和鱼混养，提供足够空间,洞穴繁殖,需要稳定水质，避免剧烈变化,百度搜索 + 智能增强,增强完成,100.00%,,中层,温和，有领地意识,保持水质稳定，定期检疫，避免过度喂食,2-4年,40升,
金企鹅灯.jpg,金企鹅灯,[待补充] 金企鹅灯,金企鹅灯 (待翻译),脂鲤科,南美洲,,22-26℃,5.5-7.5,5-12 dGH,中等偏暗,每周1/3,小型颗粒、薄片、丰年虾,容易,适合群养，可与温和鱼混养,散卵繁殖,,百度搜索 + 智能增强,增强完成,100.00%,,中层,温和，群居,保持水质稳定，定期检疫，避免过度喂食,3-5年,30升,
金河虎.jpg,金河虎,[待补充] 金河虎,金河虎 (待翻译),脂鲤科,南美洲,,22-26℃,5.5-7.5,5-12 dGH,中等偏暗,每周1/3,小型颗粒、薄片、丰年虾,容易,建议单养或与大型凶猛鱼混养,散卵繁殖,,百度搜索 + 智能增强,增强完成,100.00%,,中层,凶猛，有攻击性,保持水质稳定，定期检疫，避免过度喂食,3-5年,30升,
金眼短鲷（雌）.jpg,金眼短鲷（雌）,[待补充] 金眼短鲷（雌）,金眼短鲷（雌） (待翻译),慈鲷科,南美洲亚马逊流域,,24-28℃,5.5-7.0,3-10 dGH,中等光照,每周1/4,小型活饵、颗粒饲料,中等,可与温和鱼混养，提供足够空间,洞穴繁殖,需要稳定水质，避免剧烈变化,百度搜索 + 智能增强,增强完成,100.00%,,中层,温和，有领地意识,保持水质稳定，定期检疫，避免过度喂食,2-4年,40升,
金眼短鲷（雄）.jpg,金眼短鲷（雄）,[待补充] 金眼短鲷（雄）,金眼短鲷（雄） (待翻译),慈鲷科,南美洲亚马逊流域,,24-28℃,5.5-7.0,3-10 dGH,中等光照,每周1/4,小型活饵、颗粒饲料,中等,可与温和鱼混养，提供足够空间,洞穴繁殖,需要稳定水质，避免剧烈变化,百度搜索 + 智能增强,增强完成,100.00%,,中层,温和，有领地意识,保持水质稳定，定期检疫，避免过度喂食,2-4年,40升,
金线铅笔.jpg,金线铅笔,[待补充] 金线铅笔,金线铅笔 (待翻译),脂鲤科,南美洲,,22-26℃,5.5-7.5,5-12 dGH,中等偏暗,每周1/3,小型颗粒、薄片、丰年虾,容易,适合与温和鱼混养,散卵繁殖,,百度百科 + 智能增强,增强完成,100.00%,,中层,温和,保持水质稳定，定期检疫，避免过度喂食,3-5年,30升,
金线灯.jpg,金线灯,[待补充] 金线灯,金线灯 (待翻译),脂鲤科,南美洲,,22-26℃,5.5-7.5,5-12 dGH,中等偏暗,每周1/3,小型颗粒、薄片、丰年虾,容易,适合群养，可与温和鱼混养,散卵繁殖,,百度百科 + 智能增强,增强完成,100.00%,,中层,温和，群居,保持水质稳定，定期检疫，避免过度喂食,3-5年,30升,
金粉灯.jpg,金粉灯,[待补充] 金粉灯,金粉灯 (待翻译),脂鲤科,南美洲,,22-26℃,5.5-7.5,5-12 dGH,中等偏暗,每周1/3,小型颗粒、薄片、丰年虾,容易,适合群养，可与温和鱼混养,散卵繁殖,,百度搜索 + 智能增强,增强完成,100.00%,,中层,温和，群居,保持水质稳定，定期检疫，避免过度喂食,3-5年,30升,
金线鲫.jpg,金线鲫,[待补充] 金线鲫,金线鲫 (待翻译),鲤科,中国,,18-24℃,7.0-7.5,8-12 dGH,中等光照,每周1/3-1/2,杂食性，专用金鱼饲料,容易,适合与温和鱼混养,卵生,,百度百科 + 智能增强,增强完成,100.00%,,中层,温和,保持水质稳定，定期检疫，避免过度喂食,3-5年,50升,
金翅珍珠鱼.jpg,金翅珍珠鱼,[待补充] 金翅珍珠鱼,金翅珍珠鱼 (待翻译),脂鲤科,南美洲,,22-26℃,5.5-7.5,5-12 dGH,中等偏暗,每周1/3,小型颗粒、薄片、丰年虾,容易,适合与温和鱼混养,散卵繁殖,,百度搜索 + 智能增强,增强完成,100.00%,,中层,温和,保持水质稳定，定期检疫，避免过度喂食,3-5年,30升,
金背短鲷（雄）.jpg,金背短鲷（雄）,[待补充] 金背短鲷（雄）,金背短鲷（雄） (待翻译),慈鲷科,南美洲亚马逊流域,,24-28℃,5.5-7.0,3-10 dGH,中等光照,每周1/4,小型活饵、颗粒饲料,中等,可与温和鱼混养，提供足够空间,洞穴繁殖,需要稳定水质，避免剧烈变化,百度搜索 + 智能增强,增强完成,100.00%,,中层,温和，有领地意识,保持水质稳定，定期检疫，避免过度喂食,2-4年,40升,
金背短鲷（雌）.jpg,金背短鲷（雌）,[待补充] 金背短鲷（雌）,金背短鲷（雌） (待翻译),慈鲷科,南美洲亚马逊流域,,24-28℃,5.5-7.0,3-10 dGH,中等光照,每周1/4,小型活饵、颗粒饲料,中等,可与温和鱼混养，提供足够空间,洞穴繁殖,需要稳定水质，避免剧烈变化,百度搜索 + 智能增强,增强完成,100.00%,,中层,温和，有领地意识,保持水质稳定，定期检疫，避免过度喂食,2-4年,40升,
金菠萝.jpg,金菠萝,[待补充] 金菠萝,金菠萝 (待翻译),慈鲷科,南美洲,,24-30℃,6.0-7.5,5-15 dGH,中等光照,每周1/3,杂食偏肉食,中等,适合与温和鱼混养,平板繁殖,,百度百科 + 智能增强,增强完成,100.00%,,中层,温和,保持水质稳定，定期检疫，避免过度喂食,3-5年,100升,
针嘴鱼.jpg,针嘴鱼,[待补充] 针嘴鱼,针嘴鱼 (待翻译),脂鲤科,南美洲,,22-26℃,5.5-7.5,5-12 dGH,中等偏暗,每周1/3,小型颗粒、薄片、丰年虾,容易,适合与温和鱼混养,散卵繁殖,,百度百科 + 智能增强,增强完成,100.00%,,中层,温和,保持水质稳定，定期检疫，避免过度喂食,3-5年,30升,
钥匙洞短鲷.jpg,钥匙洞短鲷,[待补充] 钥匙洞短鲷,钥匙洞短鲷 (待翻译),慈鲷科,南美洲亚马逊流域,,24-28℃,5.5-7.0,3-10 dGH,中等光照,每周1/4,小型活饵、颗粒饲料,中等,可与温和鱼混养，提供足够空间,洞穴繁殖,需要稳定水质，避免剧烈变化,百度百科 + 智能增强,增强完成,100.00%,,中层,温和，有领地意识,保持水质稳定，定期检疫，避免过度喂食,2-4年,40升,
钻石番王.jpg,钻石番王,[待补充] 钻石番王,钻石番王 (待翻译),脂鲤科,南美洲,,22-26℃,5.5-7.5,5-12 dGH,中等偏暗,每周1/3,小型颗粒、薄片、丰年虾,容易,适合与温和鱼混养,散卵繁殖,,百度百科 + 智能增强,增强完成,100.00%,,中层,温和,保持水质稳定，定期检疫，避免过度喂食,3-5年,30升,
钻石灯.jpg,钻石灯,[待补充] 钻石灯,钻石灯 (待翻译),脂鲤科,南美洲,,22-26℃,5.5-7.5,5-12 dGH,中等偏暗,每周1/3,小型颗粒、薄片、丰年虾,容易,适合群养，可与温和鱼混养,散卵繁殖,,百度搜索 + 智能增强,增强完成,100.00%,,中层,温和，群居,保持水质稳定，定期检疫，避免过度喂食,3-5年,30升,
铁甲鲶.jpg,铁甲鲶,[待补充] 铁甲鲶,铁甲鲶 (待翻译),脂鲤科,南美洲,,22-26℃,5.5-7.5,5-12 dGH,中等偏暗,每周1/3,小型颗粒、薄片、丰年虾,容易,适合与温和鱼混养,散卵繁殖,,百度搜索 + 智能增强,增强完成,100.00%,,底层,温和,保持水质稳定，定期检疫，避免过度喂食,3-5年,30升,
铲子鲶.jpg,铲子鲶,[待补充] 铲子鲶,铲子鲶 (待翻译),脂鲤科,南美洲,,22-26℃,5.5-7.5,5-12 dGH,中等偏暗,每周1/3,小型颗粒、薄片、丰年虾,容易,适合与温和鱼混养,散卵繁殖,,百度百科 + 智能增强,增强完成,100.00%,,底层,温和,保持水质稳定，定期检疫，避免过度喂食,3-5年,30升,
银屏灯.jpg,银屏灯,[待补充] 银屏灯,银屏灯 (待翻译),脂鲤科,南美洲,,22-26℃,5.5-7.5,5-12 dGH,中等偏暗,每周1/3,小型颗粒、薄片、丰年虾,容易,适合群养，可与温和鱼混养,散卵繁殖,,百度百科 + 智能增强,增强完成,100.00%,,中层,温和，群居,保持水质稳定，定期检疫，避免过度喂食,3-5年,30升,
银曼龙.jpg,银曼龙,[待补充] 银曼龙,银曼龙 (待翻译),脂鲤科,南美洲,,22-26℃,5.5-7.5,5-12 dGH,中等偏暗,每周1/3,小型颗粒、薄片、丰年虾,容易,适合与温和鱼混养,散卵繁殖,,百度百科 + 智能增强,增强完成,100.00%,,中层,温和,保持水质稳定，定期检疫，避免过度喂食,3-5年,30升,
银鲨.jpg,银鲨,[待补充] 银鲨,银鲨 (待翻译),脂鲤科,南美洲,,22-26℃,5.5-7.5,5-12 dGH,中等偏暗,每周1/3,小型颗粒、薄片、丰年虾,容易,适合与温和鱼混养,散卵繁殖,,百度百科 + 智能增强,增强完成,100.00%,,中层,温和,保持水质稳定，定期检疫，避免过度喂食,3-5年,30升,
锯脂鲤.jpg,锯脂鲤,[待补充] 锯脂鲤,锯脂鲤 (待翻译),脂鲤科,南美洲,,22-26℃,5.5-7.5,5-12 dGH,中等偏暗,每周1/3,小型颗粒、薄片、丰年虾,容易,适合与温和鱼混养,散卵繁殖,,百度百科 + 智能增强,增强完成,100.00%,,中层,温和,保持水质稳定，定期检疫，避免过度喂食,3-5年,30升,
长须双鳍鲶.jpg,长须双鳍鲶,[待补充] 长须双鳍鲶,长须双鳍鲶 (待翻译),脂鲤科,南美洲,,22-26℃,5.5-7.5,5-12 dGH,中等偏暗,每周1/3,小型颗粒、薄片、丰年虾,容易,适合与温和鱼混养,散卵繁殖,,百度搜索 + 智能增强,增强完成,100.00%,,底层,温和,保持水质稳定，定期检疫，避免过度喂食,3-5年,30升,
长鳍霓虹.jpg,长鳍霓虹,[待补充] 长鳍霓虹,长鳍霓虹 (待翻译),脂鲤科,南美洲,,22-26℃,5.5-7.5,5-12 dGH,中等偏暗,每周1/3,小型颗粒、薄片、丰年虾,容易,适合与温和鱼混养,散卵繁殖,,百度搜索 + 智能增强,增强完成,100.00%,,中层,温和,保持水质稳定，定期检疫，避免过度喂食,3-5年,30升,
长鳍鲫.jpg,长鳍鲫,[待补充] 长鳍鲫,长鳍鲫 (待翻译),鲤科,中国,,18-24℃,7.0-7.5,8-12 dGH,中等光照,每周1/3-1/2,杂食性，专用金鱼饲料,容易,适合与温和鱼混养,卵生,,百度搜索 + 智能增强,增强完成,100.00%,,中层,温和,保持水质稳定，定期检疫，避免过度喂食,3-5年,50升,
长鼻小丑.jpg,长鼻小丑,[待补充] 长鼻小丑,长鼻小丑 (待翻译),脂鲤科,南美洲,,22-26℃,5.5-7.5,5-12 dGH,中等偏暗,每周1/3,小型颗粒、薄片、丰年虾,容易,适合与温和鱼混养,散卵繁殖,,百度搜索 + 智能增强,增强完成,100.00%,,中层,温和,保持水质稳定，定期检疫，避免过度喂食,3-5年,30升,
闪电战神（雄）.jpg,闪电战神（雄）,[待补充] 闪电战神（雄）,闪电战神（雄） (待翻译),脂鲤科,南美洲,,22-26℃,5.5-7.5,5-12 dGH,中等偏暗,每周1/3,小型颗粒、薄片、丰年虾,容易,适合与温和鱼混养,散卵繁殖,,百度搜索 + 智能增强,增强完成,100.00%,,中层,温和,保持水质稳定，定期检疫，避免过度喂食,3-5年,30升,
闪电战神（雌）.jpg,闪电战神（雌）,[待补充] 闪电战神（雌）,闪电战神（雌） (待翻译),脂鲤科,南美洲,,22-26℃,5.5-7.5,5-12 dGH,中等偏暗,每周1/3,小型颗粒、薄片、丰年虾,容易,适合与温和鱼混养,散卵繁殖,,百度搜索 + 智能增强,增强完成,100.00%,,中层,温和,保持水质稳定，定期检疫，避免过度喂食,3-5年,30升,
雪花棋盘鲷.jpg,雪花棋盘鲷,[待补充] 雪花棋盘鲷,雪花棋盘鲷 (待翻译),慈鲷科,南美洲,,24-30℃,6.0-7.5,5-15 dGH,中等光照,每周1/3,杂食偏肉食,中等,适合与温和鱼混养,平板繁殖,,百度百科 + 智能增强,增强完成,100.00%,,中层,温和,保持水质稳定，定期检疫，避免过度喂食,3-5年,100升,
阴阳火箭.jpg,阴阳火箭,[待补充] 阴阳火箭,阴阳火箭 (待翻译),脂鲤科,南美洲,,22-26℃,5.5-7.5,5-12 dGH,中等偏暗,每周1/3,小型颗粒、薄片、丰年虾,容易,适合与温和鱼混养,散卵繁殖,,百度搜索 + 智能增强,增强完成,100.00%,,中层,温和,保持水质稳定，定期检疫，避免过度喂食,3-5年,30升,
阴阳燕子.jpg,阴阳燕子,[待补充] 阴阳燕子,阴阳燕子 (待翻译),脂鲤科,南美洲,,22-26℃,5.5-7.5,5-12 dGH,中等偏暗,每周1/3,小型颗粒、薄片、丰年虾,容易,适合与温和鱼混养,散卵繁殖,,百度搜索 + 智能增强,增强完成,100.00%,,上层,温和,保持水质稳定，定期检疫，避免过度喂食,3-5年,30升,
青面短鲷.jpg,青面短鲷,[待补充] 青面短鲷,青面短鲷 (待翻译),慈鲷科,南美洲亚马逊流域,,24-28℃,5.5-7.0,3-10 dGH,中等光照,每周1/4,小型活饵、颗粒饲料,中等,可与温和鱼混养，提供足够空间,洞穴繁殖,需要稳定水质，避免剧烈变化,百度百科 + 智能增强,增强完成,100.00%,,中层,温和，有领地意识,保持水质稳定，定期检疫，避免过度喂食,2-4年,40升,
非洲肺鱼.jpg,非洲肺鱼,[待补充] 非洲肺鱼,非洲肺鱼 (待翻译),脂鲤科,南美洲,,22-26℃,5.5-7.5,5-12 dGH,中等偏暗,每周1/3,小型颗粒、薄片、丰年虾,容易,适合与温和鱼混养,散卵繁殖,,百度百科 + 智能增强,增强完成,100.00%,,中层,温和,保持水质稳定，定期检疫，避免过度喂食,3-5年,30升,
飞凤火箭.jpg,飞凤火箭,[待补充] 飞凤火箭,飞凤火箭 (待翻译),脂鲤科,南美洲,,22-26℃,5.5-7.5,5-12 dGH,中等偏暗,每周1/3,小型颗粒、薄片、丰年虾,容易,适合与温和鱼混养,散卵繁殖,,百度搜索 + 智能增强,增强完成,100.00%,,中层,温和,保持水质稳定，定期检疫，避免过度喂食,3-5年,30升,
食人鲳.jpg,食人鲳,[待补充] 食人鲳,食人鲳 (待翻译),脂鲤科,南美洲,,22-26℃,5.5-7.5,5-12 dGH,中等偏暗,每周1/3,小型颗粒、薄片、丰年虾,容易,适合与温和鱼混养,散卵繁殖,,百度百科 + 智能增强,增强完成,100.00%,,中层,温和,保持水质稳定，定期检疫，避免过度喂食,3-5年,30升,
马克短鲷.jpg,马克短鲷,[待补充] 马克短鲷,马克短鲷 (待翻译),慈鲷科,南美洲亚马逊流域,,24-28℃,5.5-7.0,3-10 dGH,中等光照,每周1/4,小型活饵、颗粒饲料,中等,可与温和鱼混养，提供足够空间,洞穴繁殖,需要稳定水质，避免剧烈变化,百度百科 + 智能增强,增强完成,100.00%,,中层,温和，有领地意识,保持水质稳定，定期检疫，避免过度喂食,2-4年,40升,
马达加斯加彩虹.jpg,马达加斯加彩虹,[待补充] 马达加斯加彩虹,马达加斯加彩虹 (待翻译),脂鲤科,非洲,,22-26℃,5.5-7.5,5-12 dGH,中等偏暗,每周1/3,小型颗粒、薄片、丰年虾,容易,适合与温和鱼混养,散卵繁殖,,百度百科 + 智能增强,增强完成,100.00%,,中层,温和,保持水质稳定，定期检疫，避免过度喂食,3-5年,30升,
马面.jpg,马面,[待补充] 马面,马面 (待翻译),脂鲤科,南美洲,,22-26℃,5.5-7.5,5-12 dGH,中等偏暗,每周1/3,小型颗粒、薄片、丰年虾,容易,适合与温和鱼混养,散卵繁殖,,百度百科 + 智能增强,增强完成,100.00%,,中层,温和,保持水质稳定，定期检疫，避免过度喂食,3-5年,30升,
高鳍白剑（雄）.jpg,高鳍白剑（雄）,[待补充] 高鳍白剑（雄）,高鳍白剑（雄） (待翻译),脂鲤科,南美洲,,22-26℃,5.5-7.5,5-12 dGH,中等偏暗,每周1/3,小型颗粒、薄片、丰年虾,容易,适合与温和鱼混养,散卵繁殖,,百度搜索 + 智能增强,增强完成,100.00%,,中层,温和,保持水质稳定，定期检疫，避免过度喂食,3-5年,30升,
鲟身鲶.jpg,鲟身鲶,[待补充] 鲟身鲶,鲟身鲶 (待翻译),脂鲤科,南美洲,,22-26℃,5.5-7.5,5-12 dGH,中等偏暗,每周1/3,小型颗粒、薄片、丰年虾,容易,适合与温和鱼混养,散卵繁殖,,百度百科 + 智能增强,增强完成,100.00%,,底层,温和,保持水质稳定，定期检疫，避免过度喂食,3-5年,30升,
鹦嘴短鲷.jpg,鹦嘴短鲷,[待补充] 鹦嘴短鲷,鹦嘴短鲷 (待翻译),慈鲷科,南美洲亚马逊流域,,24-28℃,5.5-7.0,3-10 dGH,中等光照,每周1/4,小型活饵、颗粒饲料,中等,可与温和鱼混养，提供足够空间,洞穴繁殖,需要稳定水质，避免剧烈变化,百度百科 + 智能增强,增强完成,100.00%,,中层,温和，有领地意识,保持水质稳定，定期检疫，避免过度喂食,2-4年,40升,
黄带羽须.jpg,黄带羽须,[待补充] 黄带羽须,黄带羽须 (待翻译),脂鲤科,南美洲,,22-26℃,5.5-7.5,5-12 dGH,中等偏暗,每周1/3,小型颗粒、薄片、丰年虾,容易,适合与温和鱼混养,散卵繁殖,,百度搜索 + 智能增强,增强完成,100.00%,,中层,温和,保持水质稳定，定期检疫，避免过度喂食,3-5年,30升,
黄彩旗.jpg,黄彩旗,[待补充] 黄彩旗,黄彩旗 (待翻译),脂鲤科,南美洲,,22-26℃,5.5-7.5,5-12 dGH,中等偏暗,每周1/3,小型颗粒、薄片、丰年虾,容易,适合与温和鱼混养,散卵繁殖,,百度搜索 + 智能增强,增强完成,100.00%,,中层,温和,保持水质稳定，定期检疫，避免过度喂食,3-5年,30升,
黄曼龙.jpg,黄曼龙,[待补充] 黄曼龙,黄曼龙 (待翻译),脂鲤科,南美洲,,22-26℃,5.5-7.5,5-12 dGH,中等偏暗,每周1/3,小型颗粒、薄片、丰年虾,容易,适合与温和鱼混养,散卵繁殖,,百度百科 + 智能增强,增强完成,100.00%,,中层,温和,保持水质稳定，定期检疫，避免过度喂食,3-5年,30升,
黄金河虎.jpg,黄金河虎,[待补充] 黄金河虎,黄金河虎 (待翻译),脂鲤科,南美洲,,22-26℃,5.5-7.5,5-12 dGH,中等偏暗,每周1/3,小型颗粒、薄片、丰年虾,容易,建议单养或与大型凶猛鱼混养,散卵繁殖,,百度百科 + 智能增强,增强完成,100.00%,,中层,凶猛，有攻击性,保持水质稳定，定期检疫，避免过度喂食,3-5年,30升,
黄金短鲷.jpg,黄金短鲷,[待补充] 黄金短鲷,黄金短鲷 (待翻译),慈鲷科,南美洲亚马逊流域,,24-28℃,5.5-7.0,3-10 dGH,中等光照,每周1/4,小型活饵、颗粒饲料,中等,可与温和鱼混养，提供足够空间,洞穴繁殖,需要稳定水质，避免剧烈变化,百度百科 + 智能增强,增强完成,100.00%,,中层,温和，有领地意识,保持水质稳定，定期检疫，避免过度喂食,2-4年,40升,
黄金灯.jpg,黄金灯,[待补充] 黄金灯,黄金灯 (待翻译),脂鲤科,南美洲,,22-26℃,5.5-7.5,5-12 dGH,中等偏暗,每周1/3,小型颗粒、薄片、丰年虾,容易,适合群养，可与温和鱼混养,散卵繁殖,,百度搜索 + 智能增强,增强完成,100.00%,,中层,温和，群居,保持水质稳定，定期检疫，避免过度喂食,3-5年,30升,
黄金鲷.jpg,黄金鲷,[待补充] 黄金鲷,黄金鲷 (待翻译),慈鲷科,南美洲,,24-30℃,6.0-7.5,5-15 dGH,中等光照,每周1/3,杂食偏肉食,中等,适合与温和鱼混养,平板繁殖,,百度百科 + 智能增强,增强完成,100.00%,,中层,温和,保持水质稳定，定期检疫，避免过度喂食,3-5年,100升,
黄鳍鲳.jpg,黄鳍鲳,[待补充] 黄鳍鲳,黄鳍鲳 (待翻译),脂鲤科,南美洲,,22-26℃,5.5-7.5,5-12 dGH,中等偏暗,每周1/3,小型颗粒、薄片、丰年虾,容易,适合与温和鱼混养,散卵繁殖,,百度百科 + 智能增强,增强完成,100.00%,,中层,温和,保持水质稳定，定期检疫，避免过度喂食,3-5年,30升,
黑带.jpg,黑带,[待补充] 黑带,黑带 (待翻译),脂鲤科,南美洲,,22-26℃,5.5-7.5,5-12 dGH,中等偏暗,每周1/3,小型颗粒、薄片、丰年虾,容易,适合与温和鱼混养,散卵繁殖,,百度百科 + 智能增强,增强完成,100.00%,,中层,温和,保持水质稳定，定期检疫，避免过度喂食,3-5年,30升,
黑尾金灯.jpg,黑尾金灯,[待补充] 黑尾金灯,黑尾金灯 (待翻译),脂鲤科,南美洲,,22-26℃,5.5-7.5,5-12 dGH,中等偏暗,每周1/3,小型颗粒、薄片、丰年虾,容易,适合群养，可与温和鱼混养,散卵繁殖,,百度搜索 + 智能增强,增强完成,100.00%,,中层,温和，群居,保持水质稳定，定期检疫，避免过度喂食,3-5年,30升,
黑斑鲫.jpg,黑斑鲫,[待补充] 黑斑鲫,黑斑鲫 (待翻译),鲤科,中国,,18-24℃,7.0-7.5,8-12 dGH,中等光照,每周1/3-1/2,杂食性，专用金鱼饲料,容易,适合与温和鱼混养,卵生,,百度百科 + 智能增强,增强完成,100.00%,,中层,温和,保持水质稳定，定期检疫，避免过度喂食,3-5年,50升,
黑星银.jpg,黑星银,[待补充] 黑星银,黑星银 (待翻译),脂鲤科,南美洲,,22-26℃,5.5-7.5,5-12 dGH,中等偏暗,每周1/3,小型颗粒、薄片、丰年虾,容易,适合与温和鱼混养,散卵繁殖,,百度百科 + 智能增强,增强完成,100.00%,,中层,温和,保持水质稳定，定期检疫，避免过度喂食,3-5年,30升,
黑神仙鱼.jpg,黑神仙鱼,[待补充] 黑神仙鱼,黑神仙鱼 (待翻译),慈鲷科,南美洲,,24-30℃,6.0-7.5,5-15 dGH,中等光照,每周1/3,杂食偏肉食,中等,可与温和鱼混养，提供足够空间,平板繁殖,,百度百科 + 智能增强,增强完成,100.00%,,中层,温和，有领地意识,保持水质稳定，定期检疫，避免过度喂食,5-10年,100升,
黑线飞狐.jpg,黑线飞狐,[待补充] 黑线飞狐,黑线飞狐 (待翻译),脂鲤科,南美洲,,22-26℃,5.5-7.5,5-12 dGH,中等偏暗,每周1/3,小型颗粒、薄片、丰年虾,容易,适合与温和鱼混养,散卵繁殖,,百度百科 + 智能增强,增强完成,100.00%,,中层,温和,保持水质稳定，定期检疫，避免过度喂食,3-5年,30升,
黑腰鼠.jpg,黑腰鼠,[待补充] 黑腰鼠,黑腰鼠 (待翻译),甲鲶科,南美洲,,22-26℃,6.5-7.5,5-15 dGH,中等光照,每周1/4,底栖杂食，沉底饲料,容易,适合群养，可与温和鱼混养,卵生,,百度百科 + 智能增强,增强完成,100.00%,,底层,温和，群居,保持水质稳定，定期检疫，避免过度喂食,3-5年,40升,
黑裙鱼.jpg,黑裙鱼,[待补充] 黑裙鱼,黑裙鱼 (待翻译),脂鲤科,南美洲,,22-26℃,5.5-7.5,5-12 dGH,中等偏暗,每周1/3,小型颗粒、薄片、丰年虾,容易,适合与温和鱼混养,散卵繁殖,,百度百科 + 智能增强,增强完成,100.00%,,中层,温和,保持水质稳定，定期检疫，避免过度喂食,3-5年,30升,
黑脂鲳.jpg,黑脂鲳,[待补充] 黑脂鲳,黑脂鲳 (待翻译),脂鲤科,南美洲,,22-26℃,5.5-7.5,5-12 dGH,中等偏暗,每周1/3,小型颗粒、薄片、丰年虾,容易,适合与温和鱼混养,散卵繁殖,,百度搜索 + 智能增强,增强完成,100.00%,,中层,温和,保持水质稳定，定期检疫，避免过度喂食,3-5年,30升,
黑间短鲷.jpg,黑间短鲷,[待补充] 黑间短鲷,黑间短鲷 (待翻译),慈鲷科,南美洲亚马逊流域,,24-28℃,5.5-7.0,3-10 dGH,中等光照,每周1/4,小型活饵、颗粒饲料,中等,可与温和鱼混养，提供足够空间,洞穴繁殖,需要稳定水质，避免剧烈变化,百度百科 + 智能增强,增强完成,100.00%,,中层,温和，有领地意识,保持水质稳定，定期检疫，避免过度喂食,2-4年,40升,
黑魔鬼.jpg,黑魔鬼,[待补充] 黑魔鬼,黑魔鬼 (待翻译),脂鲤科,南美洲,,22-26℃,5.5-7.5,5-12 dGH,中等偏暗,每周1/3,小型颗粒、薄片、丰年虾,容易,建议单养或与大型凶猛鱼混养,散卵繁殖,,百度百科 + 智能增强,增强完成,100.00%,,中层,凶猛，有攻击性,保持水质稳定，定期检疫，避免过度喂食,3-5年,30升,
